Insert into CATEGORY (ID,CATEGORY_NAME,ACTIVE_SW) values (3,'Programs','Y');
Insert into CATEGORY (ID,CATEGORY_NAME,ACTIVE_SW) values (4,'Modes','Y');
Insert into CATEGORY (ID,CATEGORY_NAME,ACTIVE_SW) values (5,'Pregiram Request','Y');
Insert into CATEGORY (ID,CATEGORY_NAME,ACTIVE_SW) values (6,'Relationship Details','Y');
Insert into CATEGORY (ID,CATEGORY_NAME,ACTIVE_SW) values (7,'Interview Details','Y');
Insert into CATEGORY (ID,CATEGORY_NAME,ACTIVE_SW) values (8,'Education Details','Y');
Insert into CATEGORY (ID,CATEGORY_NAME,ACTIVE_SW) values (9,'Living Arrangement','Y');
Insert into CATEGORY (ID,CATEGORY_NAME,ACTIVE_SW) values (10,'Citizenship','Y');
Insert into CATEGORY (ID,CATEGORY_NAME,ACTIVE_SW) values (11,'Out of State Benefit','Y');
Insert into CATEGORY (ID,CATEGORY_NAME,ACTIVE_SW) values (12,'Disability','Y');
Insert into CATEGORY (ID,CATEGORY_NAME,ACTIVE_SW) values (13,'Special Medical Approval','Y');
Insert into CATEGORY (ID,CATEGORY_NAME,ACTIVE_SW) values (14,'Pregnancy','Y');
Insert into CATEGORY (ID,CATEGORY_NAME,ACTIVE_SW) values (15,'Tax Information','Y');
Insert into CATEGORY (ID,CATEGORY_NAME,ACTIVE_SW) values (16,'Room and Board details','Y');
Insert into CATEGORY (ID,CATEGORY_NAME,ACTIVE_SW) values (17,'Non custodial parent','Y');
Insert into CATEGORY (ID,CATEGORY_NAME,ACTIVE_SW) values (18,'Liquid Asset','Y');
Insert into CATEGORY (ID,CATEGORY_NAME,ACTIVE_SW) values (19,'Vehicle Asset','Y');
Insert into CATEGORY (ID,CATEGORY_NAME,ACTIVE_SW) values (20,'Burial Asset','Y');
Insert into CATEGORY (ID,CATEGORY_NAME,ACTIVE_SW) values (21,'Other Asset','Y');
Insert into CATEGORY (ID,CATEGORY_NAME,ACTIVE_SW) values (22,'Livestock asset','Y');
Insert into CATEGORY (ID,CATEGORY_NAME,ACTIVE_SW) values (23,'Compliance','Y');
Insert into CATEGORY (ID,CATEGORY_NAME,ACTIVE_SW) values (24,'Earned Income','Y');
Insert into CATEGORY (ID,CATEGORY_NAME,ACTIVE_SW) values (25,'Unearned Income','Y');
Insert into CATEGORY (ID,CATEGORY_NAME,ACTIVE_SW) values (26,'Self Employment Income','Y');
Insert into CATEGORY (ID,CATEGORY_NAME,ACTIVE_SW) values (27,'MAGI Income','Y');
Insert into CATEGORY (ID,CATEGORY_NAME,ACTIVE_SW) values (28,'Dependent Care Expense','Y');
Insert into CATEGORY (ID,CATEGORY_NAME,ACTIVE_SW) values (29,'Medical expense','Y');
Insert into CATEGORY (ID,CATEGORY_NAME,ACTIVE_SW) values (30,'Child Support and Alimony Expense','Y');
Insert into CATEGORY (ID,CATEGORY_NAME,ACTIVE_SW) values (31,'MAGI Expense','Y');
Insert into CATEGORY (ID,CATEGORY_NAME,ACTIVE_SW) values (32,'Shelter Expense','Y');
Insert into CATEGORY (ID,CATEGORY_NAME,ACTIVE_SW) values (33,'Utility Expense','Y');
Insert into CATEGORY (ID,CATEGORY_NAME,ACTIVE_SW) values (34,'Other Expense','Y');
Insert into CATEGORY (ID,CATEGORY_NAME,ACTIVE_SW) values (35,'Eligibility Results','Y');
Insert into CATEGORY (ID,CATEGORY_NAME,ACTIVE_SW) values (36,'Filing Unit','Y');
Insert into CATEGORY (ID,CATEGORY_NAME,ACTIVE_SW) values (37,'Budget Summary','Y');
Insert into CATEGORY (ID,CATEGORY_NAME,ACTIVE_SW) values (38,'Missing Verification','Y');
Insert into CATEGORY (ID,CATEGORY_NAME,ACTIVE_SW) values (39,'Authorization','Y');
Insert into CATEGORY (ID,CATEGORY_NAME,ACTIVE_SW) values (40,'Notices','Y');
Insert into CATEGORY (ID,CATEGORY_NAME,ACTIVE_SW) values (41,'Appeal Create','Y');
Insert into CATEGORY (ID,CATEGORY_NAME,ACTIVE_SW) values (42,'Appeal Maintain','Y');
Insert into CATEGORY (ID,CATEGORY_NAME,ACTIVE_SW) values (43,'Dismissal ','Y');
Insert into CATEGORY (ID,CATEGORY_NAME,ACTIVE_SW) values (44,'Task','Y');
Insert into CATEGORY (ID,CATEGORY_NAME,ACTIVE_SW) values (45,'HIP Pay/No Pay Screen','Y');
Insert into CATEGORY (ID,CATEGORY_NAME,ACTIVE_SW) values (46,'Comments/Additonal check can be added','Y');
Insert into CATEGORY (ID,CATEGORY_NAME,ACTIVE_SW) values (47,'SCH-Office','Y');
Insert into CATEGORY (ID,CATEGORY_NAME,ACTIVE_SW) values (48,'SCH-Date to be selected','Y');
Insert into CATEGORY (ID,CATEGORY_NAME,ACTIVE_SW) values (49,'SCH-Appointment Type','Y');
Insert into CATEGORY (ID,CATEGORY_NAME,ACTIVE_SW) values (50,'SCH-Appointment Status','Y');
Insert into CATEGORY (ID,CATEGORY_NAME,ACTIVE_SW) values (51,'SCH-Application Registration','Y');
Insert into CATEGORY (ID,CATEGORY_NAME,ACTIVE_SW) values (52,'SCH-File Clearance','Y');
Insert into CATEGORY (ID,CATEGORY_NAME,ACTIVE_SW) values (53,'SCH-Application Type','Y');
Insert into CATEGORY (ID,CATEGORY_NAME,ACTIVE_SW) values (54,'SCH-DC','Y');
Insert into CATEGORY (ID,CATEGORY_NAME,ACTIVE_SW) values (55,'SCH-Schedule Interview','Y');
Insert into CATEGORY (ID,CATEGORY_NAME,ACTIVE_SW) values (56,'SCH-Interview Method','Y');
Insert into CATEGORY (ID,CATEGORY_NAME,ACTIVE_SW) values (57,'SCH-Search Appontment','Y');
Insert into CATEGORY (ID,CATEGORY_NAME,ACTIVE_SW) values (58,'SCH-Edit Apppointment ','Y');
Insert into CATEGORY (ID,CATEGORY_NAME,ACTIVE_SW) values (59,'SCH-View and maintain Appointment','Y');
Insert into CATEGORY (ID,CATEGORY_NAME,ACTIVE_SW) values (60,'SCH-View Calendar','Y');
Insert into CATEGORY (ID,CATEGORY_NAME,ACTIVE_SW) values (61,'SCH-Create Activity','Y');
Insert into CATEGORY (ID,CATEGORY_NAME,ACTIVE_SW) values (62,'SCH-View Activity','Y');
Insert into CATEGORY (ID,CATEGORY_NAME,ACTIVE_SW) values (63,'SCH-Delete Activity','Y');
Insert into CATEGORY (ID,CATEGORY_NAME,ACTIVE_SW) values (64,'Application Dispostion','Y');
Insert into CATEGORY (ID,CATEGORY_NAME,ACTIVE_SW) values (65,'Case Association','Y');
Insert into CATEGORY (ID,CATEGORY_NAME,ACTIVE_SW) values (66,'Application Registration-Validation check','Y');
Insert into CATEGORY (ID,CATEGORY_NAME,ACTIVE_SW) values (67,'DC- validation check','Y');
Insert into CATEGORY (ID,CATEGORY_NAME,ACTIVE_SW) values (68,'Individual Filing Taxes and  Individual Required To File Taxes ','Y');
Insert into CATEGORY (ID,CATEGORY_NAME,ACTIVE_SW) values (69,'Withdraw program','Y');
Insert into CATEGORY (ID,CATEGORY_NAME,ACTIVE_SW) values (70,'Fuzzy Search Value','Y');
Insert into CATEGORY (ID,CATEGORY_NAME,ACTIVE_SW) values (1,'HHM','Y');
Insert into CATEGORY (ID,CATEGORY_NAME,ACTIVE_SW) values (2,'Individual Details','Y');
REM INSERTING into SCENARIOS
Insert into SCENARIOS (ID,SCENARIO_NAME,ACTIVE_SW,REL_PATH,FILE_NAME) values (31,'R6_TC053_TMA','Y',null,null);
Insert into SCENARIOS (ID,SCENARIO_NAME,ACTIVE_SW,REL_PATH,FILE_NAME) values (32,'Reason Codes - EL0308','Y',null,null);
Insert into SCENARIOS (ID,SCENARIO_NAME,ACTIVE_SW,REL_PATH,FILE_NAME) values (33,'R6_TC049_TMA','Y',null,null);
Insert into SCENARIOS (ID,SCENARIO_NAME,ACTIVE_SW,REL_PATH,FILE_NAME) values (34,'R6_TC049_TMA','Y',null,null);
Insert into SCENARIOS (ID,SCENARIO_NAME,ACTIVE_SW,REL_PATH,FILE_NAME) values (35,'R6_TC049_TMA','Y',null,null);
Insert into SCENARIOS (ID,SCENARIO_NAME,ACTIVE_SW,REL_PATH,FILE_NAME) values (36,'R6_TC049_TMA','Y',null,null);
Insert into SCENARIOS (ID,SCENARIO_NAME,ACTIVE_SW,REL_PATH,FILE_NAME) values (37,'R6_TC036_TaskTrigger_Day0,R6_TC036_TaskTrigger_Day1','Y',null,null);
Insert into SCENARIOS (ID,SCENARIO_NAME,ACTIVE_SW,REL_PATH,FILE_NAME) values (38,'AR_TC_001_ApplicationRegistrationScreens_1','Y',null,null);
Insert into SCENARIOS (ID,SCENARIO_NAME,ACTIVE_SW,REL_PATH,FILE_NAME) values (39,'AR_TC_001_ApplicationRegistrationScreens_2','Y',null,null);
Insert into SCENARIOS (ID,SCENARIO_NAME,ACTIVE_SW,REL_PATH,FILE_NAME) values (40,'AR_TC_001_ApplicationRegistrationScreens_3','Y',null,null);
Insert into SCENARIOS (ID,SCENARIO_NAME,ACTIVE_SW,REL_PATH,FILE_NAME) values (41,'R7_017_RTOD_CR570188_day0','Y',null,null);
Insert into SCENARIOS (ID,SCENARIO_NAME,ACTIVE_SW,REL_PATH,FILE_NAME) values (42,'R7_017_RTOD_CR570188_semi_annual','Y',null,null);
Insert into SCENARIOS (ID,SCENARIO_NAME,ACTIVE_SW,REL_PATH,FILE_NAME) values (43,'R7_017_RTOD_CR570188_annual review','Y',null,null);
Insert into SCENARIOS (ID,SCENARIO_NAME,ACTIVE_SW,REL_PATH,FILE_NAME) values (44,'INT - SNAP - 12 Parolle Ineligible Denied','Y',null,null);
Insert into SCENARIOS (ID,SCENARIO_NAME,ACTIVE_SW,REL_PATH,FILE_NAME) values (45,'R4C_SNAP_TC001','Y',null,null);
Insert into SCENARIOS (ID,SCENARIO_NAME,ACTIVE_SW,REL_PATH,FILE_NAME) values (46,'R6_TC057_TMA_Day0','Y',null,null);
Insert into SCENARIOS (ID,SCENARIO_NAME,ACTIVE_SW,REL_PATH,FILE_NAME) values (47,'R6_TC057_TMA_Day1','Y',null,null);
Insert into SCENARIOS (ID,SCENARIO_NAME,ACTIVE_SW,REL_PATH,FILE_NAME) values (48,'R6_TC057_TMA_Day122','Y',null,null);
Insert into SCENARIOS (ID,SCENARIO_NAME,ACTIVE_SW,REL_PATH,FILE_NAME) values (49,'R6_TC057_TMA_Day0','Y',null,null);
Insert into SCENARIOS (ID,SCENARIO_NAME,ACTIVE_SW,REL_PATH,FILE_NAME) values (50,'R7_TC005_FormerFosterChildren','Y',null,null);
Insert into SCENARIOS (ID,SCENARIO_NAME,ACTIVE_SW,REL_PATH,FILE_NAME) values (51,'Scheduling - Automatic Appt with SNAP','Y',null,null);
Insert into SCENARIOS (ID,SCENARIO_NAME,ACTIVE_SW,REL_PATH,FILE_NAME) values (52,'R4C_SNAP_TC035','Y',null,null);
Insert into SCENARIOS (ID,SCENARIO_NAME,ACTIVE_SW,REL_PATH,FILE_NAME) values (53,'INT_HCHIP_TC003_MANA_Day00_01','Y',null,null);
Insert into SCENARIOS (ID,SCENARIO_NAME,ACTIVE_SW,REL_PATH,FILE_NAME) values (54,'Scheduling - Follow Up Impact Appointment','Y',null,null);
Insert into SCENARIOS (ID,SCENARIO_NAME,ACTIVE_SW,REL_PATH,FILE_NAME) values (55,'SMK - SNAP 2 HH','Y',null,null);
Insert into SCENARIOS (ID,SCENARIO_NAME,ACTIVE_SW,REL_PATH,FILE_NAME) values (56,'SMK - TANF 2 HH','Y',null,null);
Insert into SCENARIOS (ID,SCENARIO_NAME,ACTIVE_SW,REL_PATH,FILE_NAME) values (57,'SMK - MA 2 HH','Y',null,null);
Insert into SCENARIOS (ID,SCENARIO_NAME,ACTIVE_SW,REL_PATH,FILE_NAME) values (58,'INT - HC & HIP - 0045 MASP & MA 2','Y',null,null);
Insert into SCENARIOS (ID,SCENARIO_NAME,ACTIVE_SW,REL_PATH,FILE_NAME) values (59,'R6_TC056_TMA','Y',null,null);
Insert into SCENARIOS (ID,SCENARIO_NAME,ACTIVE_SW,REL_PATH,FILE_NAME) values (60,'R6_TC056_TMA','Y',null,null);
Insert into SCENARIOS (ID,SCENARIO_NAME,ACTIVE_SW,REL_PATH,FILE_NAME) values (61,'R6_TC056_TMA','Y',null,null);
Insert into SCENARIOS (ID,SCENARIO_NAME,ACTIVE_SW,REL_PATH,FILE_NAME) values (64,'INT_SNAP_TC_058','Y',null,null);
Insert into SCENARIOS (ID,SCENARIO_NAME,ACTIVE_SW,REL_PATH,FILE_NAME) values (65,'R56_TC002_CO_IED100_V5S','Y',null,null);
Insert into SCENARIOS (ID,SCENARIO_NAME,ACTIVE_SW,REL_PATH,FILE_NAME) values (66,'R56_TC001_CO_IED100_V3E','Y',null,null);
Insert into SCENARIOS (ID,SCENARIO_NAME,ACTIVE_SW,REL_PATH,FILE_NAME) values (67,'RC_TC014_EL1003','Y',null,null);
Insert into SCENARIOS (ID,SCENARIO_NAME,ACTIVE_SW,REL_PATH,FILE_NAME) values (68,'R6_TC034_AllowWorkerClosure','Y',null,null);
Insert into SCENARIOS (ID,SCENARIO_NAME,ACTIVE_SW,REL_PATH,FILE_NAME) values (69,'R6_TC034_AllowWorkerClosure','Y',null,null);
Insert into SCENARIOS (ID,SCENARIO_NAME,ACTIVE_SW,REL_PATH,FILE_NAME) values (70,'R6_TC034_AllowWorkerClosure','Y',null,null);
Insert into SCENARIOS (ID,SCENARIO_NAME,ACTIVE_SW,REL_PATH,FILE_NAME) values (71,'INT - SNAP - 59 Expedited','Y',null,null);
Insert into SCENARIOS (ID,SCENARIO_NAME,ACTIVE_SW,REL_PATH,FILE_NAME) values (72,'R4C_SNAP_TC041','Y',null,null);
Insert into SCENARIOS (ID,SCENARIO_NAME,ACTIVE_SW,REL_PATH,FILE_NAME) values (73,'R7_TC024_CR596214_RedetE2E','Y',null,null);
Insert into SCENARIOS (ID,SCENARIO_NAME,ACTIVE_SW,REL_PATH,FILE_NAME) values (74,'R7_TC024_CR596214_RedetE2E','Y',null,null);
Insert into SCENARIOS (ID,SCENARIO_NAME,ACTIVE_SW,REL_PATH,FILE_NAME) values (75,'R7_TC024_CR596214_RedetE2E','Y',null,null);
Insert into SCENARIOS (ID,SCENARIO_NAME,ACTIVE_SW,REL_PATH,FILE_NAME) values (76,'R56_TC012_MRTDeniedClosed','Y',null,null);
Insert into SCENARIOS (ID,SCENARIO_NAME,ACTIVE_SW,REL_PATH,FILE_NAME) values (77,'R56_TC012_MRTDeniedClosed','Y',null,null);
Insert into SCENARIOS (ID,SCENARIO_NAME,ACTIVE_SW,REL_PATH,FILE_NAME) values (78,'R6_TC027_ExtendSuspensionPeriod','Y',null,null);
Insert into SCENARIOS (ID,SCENARIO_NAME,ACTIVE_SW,REL_PATH,FILE_NAME) values (79,'R6_TC027_ExtendSuspensionPeriod','Y',null,null);
Insert into SCENARIOS (ID,SCENARIO_NAME,ACTIVE_SW,REL_PATH,FILE_NAME) values (80,'R6_TC028_ExtendSuspensionPeriod','Y',null,null);
Insert into SCENARIOS (ID,SCENARIO_NAME,ACTIVE_SW,REL_PATH,FILE_NAME) values (81,'R6_TC035_DiscIndLowIncome','Y',null,null);
Insert into SCENARIOS (ID,SCENARIO_NAME,ACTIVE_SW,REL_PATH,FILE_NAME) values (82,'R6_TC026_ExtendSuspPeriod','Y',null,null);
Insert into SCENARIOS (ID,SCENARIO_NAME,ACTIVE_SW,REL_PATH,FILE_NAME) values (83,'RC_TC018_EL3007','Y',null,null);
Insert into SCENARIOS (ID,SCENARIO_NAME,ACTIVE_SW,REL_PATH,FILE_NAME) values (84,'R56_TC004_CO_IED095_V14S','Y',null,null);
Insert into SCENARIOS (ID,SCENARIO_NAME,ACTIVE_SW,REL_PATH,FILE_NAME) values (85,'MO_TC009_144778','Y',null,null);
Insert into SCENARIOS (ID,SCENARIO_NAME,ACTIVE_SW,REL_PATH,FILE_NAME) values (86,'R4C_401830 - MAI Intake English','Y',null,null);
Insert into SCENARIOS (ID,SCENARIO_NAME,ACTIVE_SW,REL_PATH,FILE_NAME) values (87,'INT - SNAP - 29 Alien Sponsor','Y',null,null);
Insert into SCENARIOS (ID,SCENARIO_NAME,ACTIVE_SW,REL_PATH,FILE_NAME) values (88,'CO_TC_002_ViewHistory','Y',null,null);
Insert into SCENARIOS (ID,SCENARIO_NAME,ACTIVE_SW,REL_PATH,FILE_NAME) values (89,'R7_007_RTOD_CR570188','Y',null,null);
Insert into SCENARIOS (ID,SCENARIO_NAME,ACTIVE_SW,REL_PATH,FILE_NAME) values (90,'R6_TC055_TMA','Y',null,null);
Insert into SCENARIOS (ID,SCENARIO_NAME,ACTIVE_SW,REL_PATH,FILE_NAME) values (91,'R7_012_RTOD_CR570188','Y',null,null);
Insert into SCENARIOS (ID,SCENARIO_NAME,ACTIVE_SW,REL_PATH,FILE_NAME) values (92,'Reason Codes - EL1010','Y',null,null);
Insert into SCENARIOS (ID,SCENARIO_NAME,ACTIVE_SW,REL_PATH,FILE_NAME) values (62,'INT - SNAP - 6 Alien-LAPR Eligible','Y',null,null);
Insert into SCENARIOS (ID,SCENARIO_NAME,ACTIVE_SW,REL_PATH,FILE_NAME) values (63,'MO_TC001_142965','Y',null,null);
Insert into SCENARIOS (ID,SCENARIO_NAME,ACTIVE_SW,REL_PATH,FILE_NAME) values (1,'DC - Revert To Open','Y',null,null);
Insert into SCENARIOS (ID,SCENARIO_NAME,ACTIVE_SW,REL_PATH,FILE_NAME) values (2,'DC - Revert To Open TANF','Y',null,null);
Insert into SCENARIOS (ID,SCENARIO_NAME,ACTIVE_SW,REL_PATH,FILE_NAME) values (3,'DC - Revert To Open MA','Y',null,null);
Insert into SCENARIOS (ID,SCENARIO_NAME,ACTIVE_SW,REL_PATH,FILE_NAME) values (4,'DC - SNAP - 1 Household','Y',null,null);
Insert into SCENARIOS (ID,SCENARIO_NAME,ACTIVE_SW,REL_PATH,FILE_NAME) values (5,'DC - TANF - 3 Household','Y',null,null);
Insert into SCENARIOS (ID,SCENARIO_NAME,ACTIVE_SW,REL_PATH,FILE_NAME) values (6,'SMK - SNAP 2 HH','Y',null,null);
Insert into SCENARIOS (ID,SCENARIO_NAME,ACTIVE_SW,REL_PATH,FILE_NAME) values (7,'SCH_TC_009_AutoApptExpSNAPWithoutMA','Y',null,null);
Insert into SCENARIOS (ID,SCENARIO_NAME,ACTIVE_SW,REL_PATH,FILE_NAME) values (8,'SCH_TC_006_AutoApptWithSNAP','Y',null,null);
Insert into SCENARIOS (ID,SCENARIO_NAME,ACTIVE_SW,REL_PATH,FILE_NAME) values (9,'SCH_TC_007_AutoApptWithoutSNAP','Y',null,null);
Insert into SCENARIOS (ID,SCENARIO_NAME,ACTIVE_SW,REL_PATH,FILE_NAME) values (10,'SCH_TC_010_AutoApptResAssessment','Y',null,null);
Insert into SCENARIOS (ID,SCENARIO_NAME,ACTIVE_SW,REL_PATH,FILE_NAME) values (11,'SCH_TC_002_ARManuallyScheduleAppt','Y',null,null);
Insert into SCENARIOS (ID,SCENARIO_NAME,ACTIVE_SW,REL_PATH,FILE_NAME) values (12,'SCH_TC_001_ScheduleManualAppt','Y',null,null);
Insert into SCENARIOS (ID,SCENARIO_NAME,ACTIVE_SW,REL_PATH,FILE_NAME) values (13,'R56_TC005_WorkforceAttachment','Y',null,null);
Insert into SCENARIOS (ID,SCENARIO_NAME,ACTIVE_SW,REL_PATH,FILE_NAME) values (14,'INT - SNAP - 17 3 Household Aliens Eligible','Y',null,null);
Insert into SCENARIOS (ID,SCENARIO_NAME,ACTIVE_SW,REL_PATH,FILE_NAME) values (15,'R4C_SNAP_TC011','Y',null,null);
Insert into SCENARIOS (ID,SCENARIO_NAME,ACTIVE_SW,REL_PATH,FILE_NAME) values (16,'R6_TC061_TMA','Y',null,null);
Insert into SCENARIOS (ID,SCENARIO_NAME,ACTIVE_SW,REL_PATH,FILE_NAME) values (17,'INT_HCHIP_TC002_MASI','Y',null,null);
Insert into SCENARIOS (ID,SCENARIO_NAME,ACTIVE_SW,REL_PATH,FILE_NAME) values (18,'R7_TC028_CR596214_015','Y',null,null);
Insert into SCENARIOS (ID,SCENARIO_NAME,ACTIVE_SW,REL_PATH,FILE_NAME) values (19,'R4C_SNAP_TC025','Y',null,null);
Insert into SCENARIOS (ID,SCENARIO_NAME,ACTIVE_SW,REL_PATH,FILE_NAME) values (20,'MO_TC006_143686','Y',null,null);
Insert into SCENARIOS (ID,SCENARIO_NAME,ACTIVE_SW,REL_PATH,FILE_NAME) values (21,'Reason Codes - EL0318','Y',null,null);
Insert into SCENARIOS (ID,SCENARIO_NAME,ACTIVE_SW,REL_PATH,FILE_NAME) values (22,'R7_TC007_FormerFosterChildren','Y',null,null);
Insert into SCENARIOS (ID,SCENARIO_NAME,ACTIVE_SW,REL_PATH,FILE_NAME) values (23,'R7_TC027_CR596214_008','Y',null,null);
Insert into SCENARIOS (ID,SCENARIO_NAME,ACTIVE_SW,REL_PATH,FILE_NAME) values (24,'R7_TC027_CR596214_008','Y',null,null);
Insert into SCENARIOS (ID,SCENARIO_NAME,ACTIVE_SW,REL_PATH,FILE_NAME) values (25,'R7_TC027_CR596214_008','Y',null,null);
Insert into SCENARIOS (ID,SCENARIO_NAME,ACTIVE_SW,REL_PATH,FILE_NAME) values (26,'R6_TC053_TMA','Y',null,null);
Insert into SCENARIOS (ID,SCENARIO_NAME,ACTIVE_SW,REL_PATH,FILE_NAME) values (27,'R6_TC053_TMA','Y',null,null);
Insert into SCENARIOS (ID,SCENARIO_NAME,ACTIVE_SW,REL_PATH,FILE_NAME) values (28,'R6_TC053_TMA','Y',null,null);
Insert into SCENARIOS (ID,SCENARIO_NAME,ACTIVE_SW,REL_PATH,FILE_NAME) values (29,'R6_TC053_TMA','Y',null,null);
Insert into SCENARIOS (ID,SCENARIO_NAME,ACTIVE_SW,REL_PATH,FILE_NAME) values (30,'R6_TC053_TMA','Y',null,null);
REM INSERTING into KEYWORD
Insert into KEYWORD (ID,KEYWORD_NAME,CATEGORY_ID,ACTIVE_SW) values (341,'Spouse',6,'Y');
Insert into KEYWORD (ID,KEYWORD_NAME,CATEGORY_ID,ACTIVE_SW) values (44,'SNAP(Expedited)',3,'Y');
Insert into KEYWORD (ID,KEYWORD_NAME,CATEGORY_ID,ACTIVE_SW) values (135,'from Day 122 has an increase in earned income less than 133% FPL',25,'Y');
Insert into KEYWORD (ID,KEYWORD_NAME,CATEGORY_ID,ACTIVE_SW) values (349,'Type : Wages/Salaries
Pay Frequency : Monthly
Amount : 145.50$
Hours : 40
Verification : Hard Copy
',24,'Y');
Insert into KEYWORD (ID,KEYWORD_NAME,CATEGORY_ID,ACTIVE_SW) values (297,'Pending - 
Eligibility Notice for Health Coverage - Suspend
Verify Content - Si usted volverá a casa antes de la finalización del período de suspensión de 24 meses',40,'Y');
Insert into KEYWORD (ID,KEYWORD_NAME,CATEGORY_ID,ACTIVE_SW) values (287,'MRT - Denied
Denial Reason - DISABILITY NOT MET, CONDITION HAS BEEN RESOLVED',12,'Y');
Insert into KEYWORD (ID,KEYWORD_NAME,CATEGORY_ID,ACTIVE_SW) values (294,'Size - 1
TOA - MA 2- child - Suspend
',35,'Y');
Insert into KEYWORD (ID,KEYWORD_NAME,CATEGORY_ID,ACTIVE_SW) values (315,'Type of Assistance: MARP
Assistance group size: 1
Eligibility status: Eligible',35,'Y');
Insert into KEYWORD (ID,KEYWORD_NAME,CATEGORY_ID,ACTIVE_SW) values (108,'Authorized',37,'Y');
Insert into KEYWORD (ID,KEYWORD_NAME,CATEGORY_ID,ACTIVE_SW) values (15,'TANF',3,'Y');
Insert into KEYWORD (ID,KEYWORD_NAME,CATEGORY_ID,ACTIVE_SW) values (159,'yes',39,'Y');
Insert into KEYWORD (ID,KEYWORD_NAME,CATEGORY_ID,ACTIVE_SW) values (187,'YEs',39,'Y');
Insert into KEYWORD (ID,KEYWORD_NAME,CATEGORY_ID,ACTIVE_SW) values (344,'U.S. Citizen',10,'Y');
Insert into KEYWORD (ID,KEYWORD_NAME,CATEGORY_ID,ACTIVE_SW) values (41,'Eligibility Notice for SNAP – Approval ',40,'Y');
Insert into KEYWORD (ID,KEYWORD_NAME,CATEGORY_ID,ACTIVE_SW) values (313,'Father(Today-11500)
Mother(Today-11000)
Child(Today-561)',2,'Y');
Insert into KEYWORD (ID,KEYWORD_NAME,CATEGORY_ID,ACTIVE_SW) values (346,'Type of Assistance : SNAP
AG size : 2
Status : Eligible',35,'Y');
Insert into KEYWORD (ID,KEYWORD_NAME,CATEGORY_ID,ACTIVE_SW) values (254,'Verify on FU summary for TANF and verify that FAILURE TO SIGN A PERSONAL RESPONSIBILITY AGREEMENT is displayed as the reason code for parent',36,'Y');
Insert into KEYWORD (ID,KEYWORD_NAME,CATEGORY_ID,ACTIVE_SW) values (274,'No Change',35,'Y');
Insert into KEYWORD (ID,KEYWORD_NAME,CATEGORY_ID,ACTIVE_SW) values (25,'Yes',15,'Y');
Insert into KEYWORD (ID,KEYWORD_NAME,CATEGORY_ID,ACTIVE_SW) values (101,'YES',13,'Y');
Insert into KEYWORD (ID,KEYWORD_NAME,CATEGORY_ID,ACTIVE_SW) values (367,'High School Diploma/High School Equivalency Test',8,'Y');
Insert into KEYWORD (ID,KEYWORD_NAME,CATEGORY_ID,ACTIVE_SW) values (156,'income Wages monthly of 214.00$. ',24,'Y');
Insert into KEYWORD (ID,KEYWORD_NAME,CATEGORY_ID,ACTIVE_SW) values (142,'N/a',47,'Y');
Insert into KEYWORD (ID,KEYWORD_NAME,CATEGORY_ID,ACTIVE_SW) values (276,'Review',4,'Y');
Insert into KEYWORD (ID,KEYWORD_NAME,CATEGORY_ID,ACTIVE_SW) values (146,'SNAP No change,
Assistance size : 2',35,'Y');
Insert into KEYWORD (ID,KEYWORD_NAME,CATEGORY_ID,ACTIVE_SW) values (169,'Add person',4,'Y');
Insert into KEYWORD (ID,KEYWORD_NAME,CATEGORY_ID,ACTIVE_SW) values (265,'Yes- $100 to husband',18,'Y');
Insert into KEYWORD (ID,KEYWORD_NAME,CATEGORY_ID,ACTIVE_SW) values (64,'MASI Application',53,'Y');
Insert into KEYWORD (ID,KEYWORD_NAME,CATEGORY_ID,ACTIVE_SW) values (22,'Intake - MA Denied due to excess Income.
RTO - MA Eligible',35,'Y');
Insert into KEYWORD (ID,KEYWORD_NAME,CATEGORY_ID,ACTIVE_SW) values (200,'Other - Non-Exempt of 200$ to husband',25,'Y');
Insert into KEYWORD (ID,KEYWORD_NAME,CATEGORY_ID,ACTIVE_SW) values (278,'Time Travel Date',48,'Y');
Insert into KEYWORD (ID,KEYWORD_NAME,CATEGORY_ID,ACTIVE_SW) values (352,'Participation Status :
Eligible Adult, Non-Participating Adult, Excluded Child',36,'Y');
Insert into KEYWORD (ID,KEYWORD_NAME,CATEGORY_ID,ACTIVE_SW) values (58,'SNAP/Cash Application',53,'Y');
Insert into KEYWORD (ID,KEYWORD_NAME,CATEGORY_ID,ACTIVE_SW) values (99,'Eligible
AU:4
Benefit Amount 646$',34,'Y');
Insert into KEYWORD (ID,KEYWORD_NAME,CATEGORY_ID,ACTIVE_SW) values (248,'English notices for IED100 V3 -  HIP Approval_Regular Plus Native American',40,'Y');
Insert into KEYWORD (ID,KEYWORD_NAME,CATEGORY_ID,ACTIVE_SW) values (152,'in home',9,'Y');
Insert into KEYWORD (ID,KEYWORD_NAME,CATEGORY_ID,ACTIVE_SW) values (106,'Program Compliance ',20,'Y');
Insert into KEYWORD (ID,KEYWORD_NAME,CATEGORY_ID,ACTIVE_SW) values (257,'In Home for all',9,'Y');
Insert into KEYWORD (ID,KEYWORD_NAME,CATEGORY_ID,ACTIVE_SW) values (65,'Manually Schedule',55,'Y');
Insert into KEYWORD (ID,KEYWORD_NAME,CATEGORY_ID,ACTIVE_SW) values (90,'TOA: MASP,
AG Size: 1,
Eligibility Status: Eligible,
Premium Amount: 20.00',35,'Y');
Insert into KEYWORD (ID,KEYWORD_NAME,CATEGORY_ID,ACTIVE_SW) values (47,'Last Business day w.r.t the run date',48,'Y');
Insert into KEYWORD (ID,KEYWORD_NAME,CATEGORY_ID,ACTIVE_SW) values (350,'Type : Wages
Pay Frequency : Monthly
Amount : 145.50$
Verification : Hard Copy
',31,'Y');
Insert into KEYWORD (ID,KEYWORD_NAME,CATEGORY_ID,ACTIVE_SW) values (225,'Father - Monthly - $2931.50',27,'Y');
Insert into KEYWORD (ID,KEYWORD_NAME,CATEGORY_ID,ACTIVE_SW) values (355,'Husband-wife ',6,'Y');
Insert into KEYWORD (ID,KEYWORD_NAME,CATEGORY_ID,ACTIVE_SW) values (183,'Husband',2,'Y');
Insert into KEYWORD (ID,KEYWORD_NAME,CATEGORY_ID,ACTIVE_SW) values (5,'BLANK',5,'Y');
Insert into KEYWORD (ID,KEYWORD_NAME,CATEGORY_ID,ACTIVE_SW) values (94,'Eligible
AU:1
MASI Assistance',34,'Y');
Insert into KEYWORD (ID,KEYWORD_NAME,CATEGORY_ID,ACTIVE_SW) values (97,'4.0',1,'Y');
Insert into KEYWORD (ID,KEYWORD_NAME,CATEGORY_ID,ACTIVE_SW) values (131,'CHILD FAILED TO COMPLY WITH SCHOOL ATTENDANCE REQUIREMENT',37,'Y');
Insert into KEYWORD (ID,KEYWORD_NAME,CATEGORY_ID,ACTIVE_SW) values (195,'Yes, using search criteria - case#, begin date as today and multiple appointments as Yes',57,'Y');
Insert into KEYWORD (ID,KEYWORD_NAME,CATEGORY_ID,ACTIVE_SW) values (197,'husband and wife',2,'Y');
Insert into KEYWORD (ID,KEYWORD_NAME,CATEGORY_ID,ACTIVE_SW) values (213,'utility exp for father of 40$',33,'Y');
Insert into KEYWORD (ID,KEYWORD_NAME,CATEGORY_ID,ACTIVE_SW) values (272,'Yes
Wages
$400/Monthly',24,'Y');
Insert into KEYWORD (ID,KEYWORD_NAME,CATEGORY_ID,ACTIVE_SW) values (199,'Yes, savings account of 50$, ',18,'Y');
Insert into KEYWORD (ID,KEYWORD_NAME,CATEGORY_ID,ACTIVE_SW) values (165,'MASP for PI eligible and TOA MA 2 for child eligible',35,'Y');
Insert into KEYWORD (ID,KEYWORD_NAME,CATEGORY_ID,ACTIVE_SW) values (192,'Follow-up IMPACT',49,'Y');
Insert into KEYWORD (ID,KEYWORD_NAME,CATEGORY_ID,ACTIVE_SW) values (317,'Wages/Salaries(3700)',24,'Y');
Insert into KEYWORD (ID,KEYWORD_NAME,CATEGORY_ID,ACTIVE_SW) values (327,'Earned Income - $537.50
StandardDeductionAmount - $160
Shelter Costs - $535
NetIncomeLimit - $1354
NetIncomeTestResult - FAIL',37,'Y');
Insert into KEYWORD (ID,KEYWORD_NAME,CATEGORY_ID,ACTIVE_SW) values (35,'Husband, Wife',2,'Y');
Insert into KEYWORD (ID,KEYWORD_NAME,CATEGORY_ID,ACTIVE_SW) values (177,'Scheduling ',4,'Y');
Insert into KEYWORD (ID,KEYWORD_NAME,CATEGORY_ID,ACTIVE_SW) values (262,'Eligibility Notice for Health Coverage - Closure',40,'Y');
Insert into KEYWORD (ID,KEYWORD_NAME,CATEGORY_ID,ACTIVE_SW) values (84,'PI - SNAP eligible
Roomer - ineligible',35,'Y');
Insert into KEYWORD (ID,KEYWORD_NAME,CATEGORY_ID,ACTIVE_SW) values (322,'Alien - Blood Plasma/Bodily Fluids - Weekly - $125',24,'Y');
Insert into KEYWORD (ID,KEYWORD_NAME,CATEGORY_ID,ACTIVE_SW) values (331,'Yes, Tax Filer',15,'Y');
Insert into KEYWORD (ID,KEYWORD_NAME,CATEGORY_ID,ACTIVE_SW) values (6,'n/a',6,'Y');
Insert into KEYWORD (ID,KEYWORD_NAME,CATEGORY_ID,ACTIVE_SW) values (12,'ED summary verification is missing in both intake and revert to open mode in this scenario.',46,'Y');
Insert into KEYWORD (ID,KEYWORD_NAME,CATEGORY_ID,ACTIVE_SW) values (69,'
AppointmentStatus-Scheduled
',59,'Y');
Insert into KEYWORD (ID,KEYWORD_NAME,CATEGORY_ID,ACTIVE_SW) values (79,'Type: Other on-the-job training,
Pay Frequency: Bi-Weekly,
Amount: 500$,
No. of hours: 30',24,'Y');
Insert into KEYWORD (ID,KEYWORD_NAME,CATEGORY_ID,ACTIVE_SW) values (316,'GrandFather (Today-23742)
 Grand Child (Today-5480)',2,'Y');
Insert into KEYWORD (ID,KEYWORD_NAME,CATEGORY_ID,ACTIVE_SW) values (198,'Yes, husband, type- roomer',16,'Y');
Insert into KEYWORD (ID,KEYWORD_NAME,CATEGORY_ID,ACTIVE_SW) values (93,'Type : SSO
Pay Frequency : Monthly
Amount : 600$ 
',24,'Y');
Insert into KEYWORD (ID,KEYWORD_NAME,CATEGORY_ID,ACTIVE_SW) values (147,'Notice of Dismissal ',40,'Y');
Insert into KEYWORD (ID,KEYWORD_NAME,CATEGORY_ID,ACTIVE_SW) values (180,'Eligible for SNAP with AU as 3',35,'Y');
Insert into KEYWORD (ID,KEYWORD_NAME,CATEGORY_ID,ACTIVE_SW) values (228,'Parent - Weekly - $289',24,'Y');
Insert into KEYWORD (ID,KEYWORD_NAME,CATEGORY_ID,ACTIVE_SW) values (333,'Yes
Tuition and fees
$445/Monthly',31,'Y');
Insert into KEYWORD (ID,KEYWORD_NAME,CATEGORY_ID,ACTIVE_SW) values (77,'Type: Checking Account,
GrossValue: 2040$',18,'Y');
Insert into KEYWORD (ID,KEYWORD_NAME,CATEGORY_ID,ACTIVE_SW) values (109,'Randulf Auto((Today-8401)',2,'Y');
Insert into KEYWORD (ID,KEYWORD_NAME,CATEGORY_ID,ACTIVE_SW) values (240,'Yes , eligible adult and eligible child. 
Non-Fin and Fin both Pass with missing verification as Pending.',36,'Y');
Insert into KEYWORD (ID,KEYWORD_NAME,CATEGORY_ID,ACTIVE_SW) values (55,'Male
In Household',2,'Y');
Insert into KEYWORD (ID,KEYWORD_NAME,CATEGORY_ID,ACTIVE_SW) values (281,'At an office',7,'Y');
Insert into KEYWORD (ID,KEYWORD_NAME,CATEGORY_ID,ACTIVE_SW) values (100,'Male, 70',2,'Y');
Insert into KEYWORD (ID,KEYWORD_NAME,CATEGORY_ID,ACTIVE_SW) values (270,'Homeless/Homeless Shelter',9,'Y');
Insert into KEYWORD (ID,KEYWORD_NAME,CATEGORY_ID,ACTIVE_SW) values (21,'Intake -
Type : Wages
Pay Frequency : Monthly
Amount : $3000
Revert To Open - 
Type : Wages
Pay Frequency : Monthly
Amount : $30',27,'Y');
Insert into KEYWORD (ID,KEYWORD_NAME,CATEGORY_ID,ACTIVE_SW) values (50,'Expedited SNAP',53,'Y');
Insert into KEYWORD (ID,KEYWORD_NAME,CATEGORY_ID,ACTIVE_SW) values (115,'$200(Wages)',25,'Y');
Insert into KEYWORD (ID,KEYWORD_NAME,CATEGORY_ID,ACTIVE_SW) values (301,'correspondence and Health Coverage - Suspend_notice IED090_V6 in English',39,'Y');
Insert into KEYWORD (ID,KEYWORD_NAME,CATEGORY_ID,ACTIVE_SW) values (57,'Assignable',50,'Y');
Insert into KEYWORD (ID,KEYWORD_NAME,CATEGORY_ID,ACTIVE_SW) values (70,'Male
Married
In Household',2,'Y');
Insert into KEYWORD (ID,KEYWORD_NAME,CATEGORY_ID,ACTIVE_SW) values (102,'Yes 
Case , 13200$
Resource transferred 59 months ago',16,'Y');
Insert into KEYWORD (ID,KEYWORD_NAME,CATEGORY_ID,ACTIVE_SW) values (98,'Husband, Wife,Husband Son, Wife Son',2,'Y');
Insert into KEYWORD (ID,KEYWORD_NAME,CATEGORY_ID,ACTIVE_SW) values (119,'Type of Assistance: MAA
Assistance group size: 
Eligibility Status: No change',33,'Y');
Insert into KEYWORD (ID,KEYWORD_NAME,CATEGORY_ID,ACTIVE_SW) values (235,'Intake - MA 9 , eligible .
1st Case change - MARB , eligible
2nd case change - MARP , eligible',35,'Y');
Insert into KEYWORD (ID,KEYWORD_NAME,CATEGORY_ID,ACTIVE_SW) values (13,'3.0',1,'Y');
Insert into KEYWORD (ID,KEYWORD_NAME,CATEGORY_ID,ACTIVE_SW) values (304,'HIP Approval notice is generated.
Interface sends LOW INCOME 19/20 YEAR OLD indicator in CDEE file as ''N''. ',39,'Y');
Insert into KEYWORD (ID,KEYWORD_NAME,CATEGORY_ID,ACTIVE_SW) values (370,'TANF : Eligible
',35,'Y');
Insert into KEYWORD (ID,KEYWORD_NAME,CATEGORY_ID,ACTIVE_SW) values (345,'Type : Wages/Salaries
Pay Frequency : Monthly
Amount : 400$
Hours : 30
Verification : Hard Copy
',24,'Y');
Insert into KEYWORD (ID,KEYWORD_NAME,CATEGORY_ID,ACTIVE_SW) values (16,'Intake -
Type : Other - Non-Exempt
Pay Frequency : Monthly
Amount : $10000
Revert to open -
Type : Other - Non-Exempt
Pay Frequency : Monthly
Amount : $100',25,'Y');
Insert into KEYWORD (ID,KEYWORD_NAME,CATEGORY_ID,ACTIVE_SW) values (362,'Notice of Dimissal',40,'Y');
Insert into KEYWORD (ID,KEYWORD_NAME,CATEGORY_ID,ACTIVE_SW) values (30,'Yes - Refused to sign PRA for mother , Child - School Attendance not met (PRA) for newborn child.',23,'Y');
Insert into KEYWORD (ID,KEYWORD_NAME,CATEGORY_ID,ACTIVE_SW) values (33,'Discrepancy : non-custodial parent compliance details entered for incorrect individual.',46,'Y');
Insert into KEYWORD (ID,KEYWORD_NAME,CATEGORY_ID,ACTIVE_SW) values (171,'father and child',2,'Y');
Insert into KEYWORD (ID,KEYWORD_NAME,CATEGORY_ID,ACTIVE_SW) values (95,'Yes - Wages , Monthly 800$',26,'Y');
Insert into KEYWORD (ID,KEYWORD_NAME,CATEGORY_ID,ACTIVE_SW) values (80,'SNAP Eligible,
AG size : 2,
Benefit Amount: 233$',35,'Y');
Insert into KEYWORD (ID,KEYWORD_NAME,CATEGORY_ID,ACTIVE_SW) values (96,'Eligible
AU:1
MARS Assistance

In case change
Eligible
AU:1
MASP Assistance',34,'Y');
Insert into KEYWORD (ID,KEYWORD_NAME,CATEGORY_ID,ACTIVE_SW) values (202,'Snap eligible for 2 mm',35,'Y');
Insert into KEYWORD (ID,KEYWORD_NAME,CATEGORY_ID,ACTIVE_SW) values (206,'vehicle assets for parent of 100$, ',19,'Y');
Insert into KEYWORD (ID,KEYWORD_NAME,CATEGORY_ID,ACTIVE_SW) values (369,'In Case Change : Mother
Non-Compliance Type : Not abstaining from using illegal drugs or other substances (PRA)
 Program – Cash
Begin Date - current system date.',23,'Y');
Insert into KEYWORD (ID,KEYWORD_NAME,CATEGORY_ID,ACTIVE_SW) values (325,'SNAP - Eligible - AG size : 2 ',35,'Y');
Insert into KEYWORD (ID,KEYWORD_NAME,CATEGORY_ID,ACTIVE_SW) values (105,'Parent Auto(Today-23000)
Child Auto(Today-5200)
',2,'Y');
Insert into KEYWORD (ID,KEYWORD_NAME,CATEGORY_ID,ACTIVE_SW) values (144,'Wages, 200$',24,'Y');
Insert into KEYWORD (ID,KEYWORD_NAME,CATEGORY_ID,ACTIVE_SW) values (220,'Father - Wages - Monthly - $369',24,'Y');
Insert into KEYWORD (ID,KEYWORD_NAME,CATEGORY_ID,ACTIVE_SW) values (78,'Type: Car,
Fair Market Value: 4322$,
Amount Owed: 4123$',19,'Y');
Insert into KEYWORD (ID,KEYWORD_NAME,CATEGORY_ID,ACTIVE_SW) values (42,'No interview scheduled - SNAP or Cash Application, 
Task status : New',44,'Y');
Insert into KEYWORD (ID,KEYWORD_NAME,CATEGORY_ID,ACTIVE_SW) values (194,'In person',56,'Y');
Insert into KEYWORD (ID,KEYWORD_NAME,CATEGORY_ID,ACTIVE_SW) values (189,'Parent, child',2,'Y');
Insert into KEYWORD (ID,KEYWORD_NAME,CATEGORY_ID,ACTIVE_SW) values (207,'earned income as other 319$, ',24,'Y');
Insert into KEYWORD (ID,KEYWORD_NAME,CATEGORY_ID,ACTIVE_SW) values (148,'Review,Revert to open',4,'Y');
Insert into KEYWORD (ID,KEYWORD_NAME,CATEGORY_ID,ACTIVE_SW) values (174,'eligible for MA 8 TOA. ',35,'Y');
Insert into KEYWORD (ID,KEYWORD_NAME,CATEGORY_ID,ACTIVE_SW) values (260,'CLOSURE - Moved to another Case',5,'Y');
Insert into KEYWORD (ID,KEYWORD_NAME,CATEGORY_ID,ACTIVE_SW) values (214,'MA z for child is eligible and MA l for parent is eligible. ',35,'Y');
Insert into KEYWORD (ID,KEYWORD_NAME,CATEGORY_ID,ACTIVE_SW) values (83,'Type : Roomer
Paid To : PI
No. of rooms in home : 4
No. of rooms occupied : 1
Does not purchase or prepare with the SNAP Primary Individual

',16,'Y');
Insert into KEYWORD (ID,KEYWORD_NAME,CATEGORY_ID,ACTIVE_SW) values (2,'Male
Single-Never Married
In the household',2,'Y');
Insert into KEYWORD (ID,KEYWORD_NAME,CATEGORY_ID,ACTIVE_SW) values (60,'Application without SNAP',49,'Y');
Insert into KEYWORD (ID,KEYWORD_NAME,CATEGORY_ID,ACTIVE_SW) values (155,'truck of VD_FairMarketValue 26753.00. ',19,'Y');
Insert into KEYWORD (ID,KEYWORD_NAME,CATEGORY_ID,ACTIVE_SW) values (104,'MA A should form with liability amount $0.00

Medicaid Notice Reasons screen and validate the notice reason ASSISTANCE GROUP IS INELIGIBLE DUE TO TRANSFER OF RESOURCES is displayed',34,'Y');
Insert into KEYWORD (ID,KEYWORD_NAME,CATEGORY_ID,ACTIVE_SW) values (111,'Benefit Period: Current Month
Type of Assistance: MA 15
Assistance group size: 1
Eligibility Status: Eligible

Benefit Period: Ongoing Month
Type of Assistance: MA15
Assistance group size: 1
Eligibility status: Closed',32,'Y');
Insert into KEYWORD (ID,KEYWORD_NAME,CATEGORY_ID,ACTIVE_SW) values (134,'from Day 61 has an increase in earned income less than 133% FPL',25,'Y');
Insert into KEYWORD (ID,KEYWORD_NAME,CATEGORY_ID,ACTIVE_SW) values (269,'11th Grade, Full Time',8,'Y');
Insert into KEYWORD (ID,KEYWORD_NAME,CATEGORY_ID,ACTIVE_SW) values (39,'Dental care - 25$ monthly',29,'Y');
Insert into KEYWORD (ID,KEYWORD_NAME,CATEGORY_ID,ACTIVE_SW) values (305,'IED090_V1 and IED089_V1 English notices.',39,'Y');
Insert into KEYWORD (ID,KEYWORD_NAME,CATEGORY_ID,ACTIVE_SW) values (166,'Wages to PI of 2050$ monthly',24,'Y');
Insert into KEYWORD (ID,KEYWORD_NAME,CATEGORY_ID,ACTIVE_SW) values (167,'verify TOA as MASP for PI eligible and TOA MA for child eligible ',35,'Y');
Insert into KEYWORD (ID,KEYWORD_NAME,CATEGORY_ID,ACTIVE_SW) values (203,'Eligibility Notice for SNAP - Approval',40,'Y');
Insert into KEYWORD (ID,KEYWORD_NAME,CATEGORY_ID,ACTIVE_SW) values (81,'Participation Status: Disqualified Adult, Eligible child, Eligible Adult',36,'Y');
Insert into KEYWORD (ID,KEYWORD_NAME,CATEGORY_ID,ACTIVE_SW) values (88,'Add Person:
Type: Wage/Salaries,
Pay Frequency: Monthly,
Amount: 2598$',24,'Y');
Insert into KEYWORD (ID,KEYWORD_NAME,CATEGORY_ID,ACTIVE_SW) values (280,'Scheduled',50,'Y');
Insert into KEYWORD (ID,KEYWORD_NAME,CATEGORY_ID,ACTIVE_SW) values (75,'Eligibility Notice for Health Coverage - HIP Denial',40,'Y');
Insert into KEYWORD (ID,KEYWORD_NAME,CATEGORY_ID,ACTIVE_SW) values (117,'Case change',4,'Y');
Insert into KEYWORD (ID,KEYWORD_NAME,CATEGORY_ID,ACTIVE_SW) values (46,'Marion Central Local Office',47,'Y');
Insert into KEYWORD (ID,KEYWORD_NAME,CATEGORY_ID,ACTIVE_SW) values (153,'Alien',10,'Y');
Insert into KEYWORD (ID,KEYWORD_NAME,CATEGORY_ID,ACTIVE_SW) values (59,'HCC, TANF',3,'Y');
Insert into KEYWORD (ID,KEYWORD_NAME,CATEGORY_ID,ACTIVE_SW) values (264,'InterviewType -Telephone
Interviewee - Husband',7,'Y');
Insert into KEYWORD (ID,KEYWORD_NAME,CATEGORY_ID,ACTIVE_SW) values (343,'Highest Grade : High School Diploma/High School Equivalency Test, Not Enrolled',8,'Y');
Insert into KEYWORD (ID,KEYWORD_NAME,CATEGORY_ID,ACTIVE_SW) values (330,'Yes
Type-Former Foster Care',13,'Y');
Insert into KEYWORD (ID,KEYWORD_NAME,CATEGORY_ID,ACTIVE_SW) values (241,'Yes - PENDING VERIFICATIONS FOR APPLICANTS/RECIPIENTS',40,'Y');
Insert into KEYWORD (ID,KEYWORD_NAME,CATEGORY_ID,ACTIVE_SW) values (43,'Male, gross income 50$',2,'Y');
Insert into KEYWORD (ID,KEYWORD_NAME,CATEGORY_ID,ACTIVE_SW) values (230,'Phone - Monthly - $80',33,'Y');
Insert into KEYWORD (ID,KEYWORD_NAME,CATEGORY_ID,ACTIVE_SW) values (320,'Sponsored Alien of',6,'Y');
Insert into KEYWORD (ID,KEYWORD_NAME,CATEGORY_ID,ACTIVE_SW) values (34,'2.0',1,'Y');
Insert into KEYWORD (ID,KEYWORD_NAME,CATEGORY_ID,ACTIVE_SW) values (233,'US Citizen',10,'Y');
Insert into KEYWORD (ID,KEYWORD_NAME,CATEGORY_ID,ACTIVE_SW) values (245,'Spanish notices for IED100 V5 -  HIP Approval_State Plan Plus Native American',40,'Y');
Insert into KEYWORD (ID,KEYWORD_NAME,CATEGORY_ID,ACTIVE_SW) values (267,'Adult1',2,'Y');
Insert into KEYWORD (ID,KEYWORD_NAME,CATEGORY_ID,ACTIVE_SW) values (130,'TANF eligible, AU:2
Amoutn decreased due to sanction - notice reason : CHILD FAILED TO COMPLY WITH SCHOOL ATTENDANCE REQUIREMENT',33,'Y');
Insert into KEYWORD (ID,KEYWORD_NAME,CATEGORY_ID,ACTIVE_SW) values (193,'Cancel',50,'Y');
Insert into KEYWORD (ID,KEYWORD_NAME,CATEGORY_ID,ACTIVE_SW) values (161,'Yes, type Boarder paid to PI , 199$ monthly',16,'Y');
Insert into KEYWORD (ID,KEYWORD_NAME,CATEGORY_ID,ACTIVE_SW) values (361,'AU 2',36,'Y');
Insert into KEYWORD (ID,KEYWORD_NAME,CATEGORY_ID,ACTIVE_SW) values (175,'validate DI1322: \"Closure action not allowed. Individual ''~'' in ''Foster Care''. ''Former Foster Care'' or ''Adoption Assistance'' and age less than 26 years ',67,'Y');
Insert into KEYWORD (ID,KEYWORD_NAME,CATEGORY_ID,ACTIVE_SW) values (118,'Type of Assistance: SNAP
Assistance group size: 2
Eligibility Status: No change',33,'Y');
Insert into KEYWORD (ID,KEYWORD_NAME,CATEGORY_ID,ACTIVE_SW) values (259,'Eligible
Size-1
TOA - MA10',35,'Y');
Insert into KEYWORD (ID,KEYWORD_NAME,CATEGORY_ID,ACTIVE_SW) values (123,'$145.50 for father
$135.40  - Mother',21,'Y');
Insert into KEYWORD (ID,KEYWORD_NAME,CATEGORY_ID,ACTIVE_SW) values (277,'PENDING VERIFICATIONS FOR APPLICANTS/RECIPIENTS',40,'Y');
Insert into KEYWORD (ID,KEYWORD_NAME,CATEGORY_ID,ACTIVE_SW) values (17,'Inake: TANF Denied
Revert to open: TANF Eligible, Assistance Group Size - 3',35,'Y');
Insert into KEYWORD (ID,KEYWORD_NAME,CATEGORY_ID,ACTIVE_SW) values (210,'Eligibility Notice for TANF – Approval',40,'Y');
Insert into KEYWORD (ID,KEYWORD_NAME,CATEGORY_ID,ACTIVE_SW) values (293,'Yes
Wages- $1000/monthly
',27,'Y');
Insert into KEYWORD (ID,KEYWORD_NAME,CATEGORY_ID,ACTIVE_SW) values (249,'parent, child',2,'Y');
Insert into KEYWORD (ID,KEYWORD_NAME,CATEGORY_ID,ACTIVE_SW) values (268,'InterviewType -Telephone',7,'Y');
Insert into KEYWORD (ID,KEYWORD_NAME,CATEGORY_ID,ACTIVE_SW) values (284,'Yes
Tax filer',15,'Y');
Insert into KEYWORD (ID,KEYWORD_NAME,CATEGORY_ID,ACTIVE_SW) values (18,'ED summary verification is missing in intake mode in this scenario.',46,'Y');
Insert into KEYWORD (ID,KEYWORD_NAME,CATEGORY_ID,ACTIVE_SW) values (87,'Intake,
Case Change,
Add Person',4,'Y');
Insert into KEYWORD (ID,KEYWORD_NAME,CATEGORY_ID,ACTIVE_SW) values (283,'Yes
Criteria - Receives or has been certified as eligible for SS Disability or blindness benefits

Type - SSI
Status - Denied
Reason - Change in Social Security''s Definition of Disability Criteria
Verf- MRT
MRT review - Yes',12,'Y');
Insert into KEYWORD (ID,KEYWORD_NAME,CATEGORY_ID,ACTIVE_SW) values (36,'Intake, Case change',4,'Y');
Insert into KEYWORD (ID,KEYWORD_NAME,CATEGORY_ID,ACTIVE_SW) values (73,'Typs: Pension,
Pay Frequency: Monthly,
Amount: 3000$',27,'Y');
Insert into KEYWORD (ID,KEYWORD_NAME,CATEGORY_ID,ACTIVE_SW) values (168,'parent , spouse and child',2,'Y');
Insert into KEYWORD (ID,KEYWORD_NAME,CATEGORY_ID,ACTIVE_SW) values (182,'Na',65,'Y');
Insert into KEYWORD (ID,KEYWORD_NAME,CATEGORY_ID,ACTIVE_SW) values (86,'Mother, Child, and a new born in Add Person mode',2,'Y');
Insert into KEYWORD (ID,KEYWORD_NAME,CATEGORY_ID,ACTIVE_SW) values (110,'AGI(Wages)',21,'Y');
Insert into KEYWORD (ID,KEYWORD_NAME,CATEGORY_ID,ACTIVE_SW) values (145,'na',40,'Y');
Insert into KEYWORD (ID,KEYWORD_NAME,CATEGORY_ID,ACTIVE_SW) values (128,'In home',9,'Y');
Insert into KEYWORD (ID,KEYWORD_NAME,CATEGORY_ID,ACTIVE_SW) values (359,'Wages - monthly , $400',24,'Y');
Insert into KEYWORD (ID,KEYWORD_NAME,CATEGORY_ID,ACTIVE_SW) values (24,'Intake',4,'Y');
Insert into KEYWORD (ID,KEYWORD_NAME,CATEGORY_ID,ACTIVE_SW) values (319,'Alien and Alien Sponsor',2,'Y');
Insert into KEYWORD (ID,KEYWORD_NAME,CATEGORY_ID,ACTIVE_SW) values (120,'father (Today-11718)
Mother (Today-10987) 
 Child (Today-2587)',2,'Y');
Insert into KEYWORD (ID,KEYWORD_NAME,CATEGORY_ID,ACTIVE_SW) values (309,'INCOME IS MORE THAN THE 130% GROSS INCOME STANDARD'' should be observed',39,'Y');
Insert into KEYWORD (ID,KEYWORD_NAME,CATEGORY_ID,ACTIVE_SW) values (226,'Mother/Father - MASP - Eligible 
Son - MA F',35,'Y');
Insert into KEYWORD (ID,KEYWORD_NAME,CATEGORY_ID,ACTIVE_SW) values (227,'Car',19,'Y');
Insert into KEYWORD (ID,KEYWORD_NAME,CATEGORY_ID,ACTIVE_SW) values (252,'Yes, type- Refused to sign PRA for HCC',23,'Y');
Insert into KEYWORD (ID,KEYWORD_NAME,CATEGORY_ID,ACTIVE_SW) values (295,'Yes
Participation Status -
1- Eligible Child
2- Non-Participating Adult',36,'Y');
Insert into KEYWORD (ID,KEYWORD_NAME,CATEGORY_ID,ACTIVE_SW) values (337,'Yes-
Reason- Abandoned/Death',43,'Y');
Insert into KEYWORD (ID,KEYWORD_NAME,CATEGORY_ID,ACTIVE_SW) values (371,'Intake - AG Size - 2
CC : AG Size - 2 , Premium Amount - 139 
Mother - Ineligible for TANF , Reason - FAILURE TO COMPLY WITH DRUG/SUBSTANCE ABUSE REQUIREMENTS
',36,'Y');
Insert into KEYWORD (ID,KEYWORD_NAME,CATEGORY_ID,ACTIVE_SW) values (360,'Intake: Eligible, AU 2 ,SNAP assistance.

Case change: No change status , AU 2 , SNAP assistance',35,'Y');
Insert into KEYWORD (ID,KEYWORD_NAME,CATEGORY_ID,ACTIVE_SW) values (273,'Eligible
Size-2
TOA- SNAP',35,'Y');
Insert into KEYWORD (ID,KEYWORD_NAME,CATEGORY_ID,ACTIVE_SW) values (1,'1.0',1,'Y');
Insert into KEYWORD (ID,KEYWORD_NAME,CATEGORY_ID,ACTIVE_SW) values (7,'In Home',9,'Y');
Insert into KEYWORD (ID,KEYWORD_NAME,CATEGORY_ID,ACTIVE_SW) values (218,'MARP- eligible for 1 member and pend for one member due to missing verification on date of irth',35,'Y');
Insert into KEYWORD (ID,KEYWORD_NAME,CATEGORY_ID,ACTIVE_SW) values (139,'Yes, 2000$ in intake and updated to 90$ in add program mode',24,'Y');
Insert into KEYWORD (ID,KEYWORD_NAME,CATEGORY_ID,ACTIVE_SW) values (116,'Type of Assistance: MARP
Assistance group size: 1
Eligibility status: Eligible
Type of Assistance: SNAP
Assistance group size: 2
Eligibility Status: Eligible',33,'Y');
Insert into KEYWORD (ID,KEYWORD_NAME,CATEGORY_ID,ACTIVE_SW) values (157,'Snap deneid,due to VALUE OF RESOURCES EXCEEDS PROGRAM ELIGIBILITY STANDARD',35,'Y');
Insert into KEYWORD (ID,KEYWORD_NAME,CATEGORY_ID,ACTIVE_SW) values (82,'2 Adult-male and female
Not related to each other',2,'Y');
Insert into KEYWORD (ID,KEYWORD_NAME,CATEGORY_ID,ACTIVE_SW) values (8,'NA',10,'Y');
Insert into KEYWORD (ID,KEYWORD_NAME,CATEGORY_ID,ACTIVE_SW) values (133,'TMA Indicator is set to "No" for an individual who was Eligible for MARP and has the low-income indicator set for 3 of the last 6 months.',35,'Y');
Insert into KEYWORD (ID,KEYWORD_NAME,CATEGORY_ID,ACTIVE_SW) values (363,'Semi annual review due date and recert review due dates are verified. Batches are also run via the script.',46,'Y');
Insert into KEYWORD (ID,KEYWORD_NAME,CATEGORY_ID,ACTIVE_SW) values (211,' livestock of 50$. ',22,'Y');
Insert into KEYWORD (ID,KEYWORD_NAME,CATEGORY_ID,ACTIVE_SW) values (215,'Eligibility Notice for Health Coverage - Approval',40,'Y');
Insert into KEYWORD (ID,KEYWORD_NAME,CATEGORY_ID,ACTIVE_SW) values (196,'Yes - ¿	Appointment status is edited via the edit flow by verifying status with “Scheduled” and “Cancel” from the test data.',58,'Y');
Insert into KEYWORD (ID,KEYWORD_NAME,CATEGORY_ID,ACTIVE_SW) values (261,'MA10
ASSISTANCE GROUP TRANSFERRED TO ANOTHER CASE (NO NOTICE)',35,'Y');
Insert into KEYWORD (ID,KEYWORD_NAME,CATEGORY_ID,ACTIVE_SW) values (244,'Eligible :1
Assistance Type: MASP',35,'Y');
Insert into KEYWORD (ID,KEYWORD_NAME,CATEGORY_ID,ACTIVE_SW) values (290,'InterviewType -Telephone
Interviewee - Parent',7,'Y');
Insert into KEYWORD (ID,KEYWORD_NAME,CATEGORY_ID,ACTIVE_SW) values (358,'US residents',10,'Y');
Insert into KEYWORD (ID,KEYWORD_NAME,CATEGORY_ID,ACTIVE_SW) values (49,'Decline',50,'Y');
Insert into KEYWORD (ID,KEYWORD_NAME,CATEGORY_ID,ACTIVE_SW) values (246,'Yes - Wages , Monthly 1200$',27,'Y');
Insert into KEYWORD (ID,KEYWORD_NAME,CATEGORY_ID,ACTIVE_SW) values (292,'Both are Tax Filer',15,'Y');
Insert into KEYWORD (ID,KEYWORD_NAME,CATEGORY_ID,ACTIVE_SW) values (326,'Non Fin - Pass
Resource - Pass
Income - Pass
Missing Verification - Pass
Participation Status for both - Eligible Adult.',36,'Y');
Insert into KEYWORD (ID,KEYWORD_NAME,CATEGORY_ID,ACTIVE_SW) values (255,'Telephone',7,'Y');
Insert into KEYWORD (ID,KEYWORD_NAME,CATEGORY_ID,ACTIVE_SW) values (342,'Interview Type : Telephone',7,'Y');
Insert into KEYWORD (ID,KEYWORD_NAME,CATEGORY_ID,ACTIVE_SW) values (353,'Husband-wife',2,'Y');
Insert into KEYWORD (ID,KEYWORD_NAME,CATEGORY_ID,ACTIVE_SW) values (253,'hh is eligible for TANF',35,'Y');
Insert into KEYWORD (ID,KEYWORD_NAME,CATEGORY_ID,ACTIVE_SW) values (365,'Intake,
Case Change',4,'Y');
Insert into KEYWORD (ID,KEYWORD_NAME,CATEGORY_ID,ACTIVE_SW) values (354,'Snap',5,'Y');
Insert into KEYWORD (ID,KEYWORD_NAME,CATEGORY_ID,ACTIVE_SW) values (251,'no',11,'Y');
Insert into KEYWORD (ID,KEYWORD_NAME,CATEGORY_ID,ACTIVE_SW) values (76,'Mother-Alien, Child-Alien, Mother''s Sister-US Citizen',2,'Y');
Insert into KEYWORD (ID,KEYWORD_NAME,CATEGORY_ID,ACTIVE_SW) values (74,'MARP - Denied',35,'Y');
Insert into KEYWORD (ID,KEYWORD_NAME,CATEGORY_ID,ACTIVE_SW) values (4,'Intake, Revert to open',4,'Y');
Insert into KEYWORD (ID,KEYWORD_NAME,CATEGORY_ID,ACTIVE_SW) values (112,'Father(Today-24106) Child(Today-11322)',2,'Y');
Insert into KEYWORD (ID,KEYWORD_NAME,CATEGORY_ID,ACTIVE_SW) values (288,'Closed
Size-0
TOA - MA D
Reason- DISABILITY NOT MET; CONDITION HAS BEEN RESOLVED',35,'Y');
Insert into KEYWORD (ID,KEYWORD_NAME,CATEGORY_ID,ACTIVE_SW) values (299,'Father-Dividends- monthly-$1000',25,'Y');
Insert into KEYWORD (ID,KEYWORD_NAME,CATEGORY_ID,ACTIVE_SW) values (28,'a. T0015
b. T0039',44,'Y');
Insert into KEYWORD (ID,KEYWORD_NAME,CATEGORY_ID,ACTIVE_SW) values (222,'Mother/Father - MASP - Eligible 
Son/Daughter - MA2',35,'Y');
Insert into KEYWORD (ID,KEYWORD_NAME,CATEGORY_ID,ACTIVE_SW) values (335,'Yes
Type - Non - Eligibility
Category - Adult Mental Health and Habilitation',41,'Y');
Insert into KEYWORD (ID,KEYWORD_NAME,CATEGORY_ID,ACTIVE_SW) values (204,'No interview scheduled - SNAP or Cash Application ',44,'Y');
Insert into KEYWORD (ID,KEYWORD_NAME,CATEGORY_ID,ACTIVE_SW) values (234,'Yes - Wages monthly $1200 with description as "automation"',27,'Y');
Insert into KEYWORD (ID,KEYWORD_NAME,CATEGORY_ID,ACTIVE_SW) values (66,'In Person',56,'Y');
Insert into KEYWORD (ID,KEYWORD_NAME,CATEGORY_ID,ACTIVE_SW) values (170,'YES for parent',68,'Y');
Insert into KEYWORD (ID,KEYWORD_NAME,CATEGORY_ID,ACTIVE_SW) values (126,'$100.50 for father
$135.40  - Mother',21,'Y');
Insert into KEYWORD (ID,KEYWORD_NAME,CATEGORY_ID,ACTIVE_SW) values (291,'Parent - In Home 
Child - Incarcerated',9,'Y');
Insert into KEYWORD (ID,KEYWORD_NAME,CATEGORY_ID,ACTIVE_SW) values (48,'Expedited SNAP without MA',49,'Y');
Insert into KEYWORD (ID,KEYWORD_NAME,CATEGORY_ID,ACTIVE_SW) values (303,'MARP - fully Eligible AG forms with $1 PAC for 19 yr. old.',35,'Y');
Insert into KEYWORD (ID,KEYWORD_NAME,CATEGORY_ID,ACTIVE_SW) values (67,'Edit Scheduled appointment',58,'Y');
Insert into KEYWORD (ID,KEYWORD_NAME,CATEGORY_ID,ACTIVE_SW) values (186,'HCC eligible in intake. In case change, category is changed to MANA and case is MANA eligible.',35,'Y');
Insert into KEYWORD (ID,KEYWORD_NAME,CATEGORY_ID,ACTIVE_SW) values (302,' LOW INCOME 19/20 YEAR OLD switch is not marked Yes.',25,'Y');
Insert into KEYWORD (ID,KEYWORD_NAME,CATEGORY_ID,ACTIVE_SW) values (312,'Spanish notices for  Eligibility Notice for Health Coverage - HIP Conditional Approval',40,'Y');
Insert into KEYWORD (ID,KEYWORD_NAME,CATEGORY_ID,ACTIVE_SW) values (52,'Auto',55,'Y');
Insert into KEYWORD (ID,KEYWORD_NAME,CATEGORY_ID,ACTIVE_SW) values (19,'Gender - Male
Single Never Married',2,'Y');
Insert into KEYWORD (ID,KEYWORD_NAME,CATEGORY_ID,ACTIVE_SW) values (92,'No',11,'Y');
Insert into KEYWORD (ID,KEYWORD_NAME,CATEGORY_ID,ACTIVE_SW) values (219,'Mother , Father, Son , Daughter (step-sibling)',2,'Y');
Insert into KEYWORD (ID,KEYWORD_NAME,CATEGORY_ID,ACTIVE_SW) values (185,'Yes - self employment wages income of $1080 monthly',27,'Y');
Insert into KEYWORD (ID,KEYWORD_NAME,CATEGORY_ID,ACTIVE_SW) values (3,'SNAP',3,'Y');
Insert into KEYWORD (ID,KEYWORD_NAME,CATEGORY_ID,ACTIVE_SW) values (306,'2 Individuals less than 65 years of age;
In Household',2,'Y');
Insert into KEYWORD (ID,KEYWORD_NAME,CATEGORY_ID,ACTIVE_SW) values (289,'Parent and Child',2,'Y');
Insert into KEYWORD (ID,KEYWORD_NAME,CATEGORY_ID,ACTIVE_SW) values (163,'parent and child',2,'Y');
Insert into KEYWORD (ID,KEYWORD_NAME,CATEGORY_ID,ACTIVE_SW) values (27,'Educational
Amt: $100/month',34,'Y');
Insert into KEYWORD (ID,KEYWORD_NAME,CATEGORY_ID,ACTIVE_SW) values (338,'Discrepancy : In the same day the notice cannot move to view history. Task name that is being validated is not mentioned.  ',46,'Y');
Insert into KEYWORD (ID,KEYWORD_NAME,CATEGORY_ID,ACTIVE_SW) values (137,'Mother, Child',2,'Y');
Insert into KEYWORD (ID,KEYWORD_NAME,CATEGORY_ID,ACTIVE_SW) values (271,'Eligible for SNAP
-Premium Amount as 194',35,'Y');
Insert into KEYWORD (ID,KEYWORD_NAME,CATEGORY_ID,ACTIVE_SW) values (328,'Adult1
Ethnicity-Unspecified',2,'Y');
Insert into KEYWORD (ID,KEYWORD_NAME,CATEGORY_ID,ACTIVE_SW) values (247,'Eligible :1
Assistance Type: MARP',35,'Y');
Insert into KEYWORD (ID,KEYWORD_NAME,CATEGORY_ID,ACTIVE_SW) values (356,'Completed',7,'Y');
Insert into KEYWORD (ID,KEYWORD_NAME,CATEGORY_ID,ACTIVE_SW) values (366,'Parent - Child',6,'Y');
Insert into KEYWORD (ID,KEYWORD_NAME,CATEGORY_ID,ACTIVE_SW) values (275,'SNAP Interim Contact',40,'Y');
Insert into KEYWORD (ID,KEYWORD_NAME,CATEGORY_ID,ACTIVE_SW) values (63,'TANF,HCC',3,'Y');
Insert into KEYWORD (ID,KEYWORD_NAME,CATEGORY_ID,ACTIVE_SW) values (29,'Mother, Child1, Newborn Child',2,'Y');
Insert into KEYWORD (ID,KEYWORD_NAME,CATEGORY_ID,ACTIVE_SW) values (160,'not related male and female',2,'Y');
Insert into KEYWORD (ID,KEYWORD_NAME,CATEGORY_ID,ACTIVE_SW) values (37,'Savings account - gross value 50',18,'Y');
Insert into KEYWORD (ID,KEYWORD_NAME,CATEGORY_ID,ACTIVE_SW) values (129,'Yes- Child - School attendance not met',23,'Y');
Insert into KEYWORD (ID,KEYWORD_NAME,CATEGORY_ID,ACTIVE_SW) values (176,'yes-''WITHDRAW-Written client request'' ',69,'Y');
Insert into KEYWORD (ID,KEYWORD_NAME,CATEGORY_ID,ACTIVE_SW) values (237,'Aunt , child',2,'Y');
Insert into KEYWORD (ID,KEYWORD_NAME,CATEGORY_ID,ACTIVE_SW) values (212,'father of 800$',27,'Y');
Insert into KEYWORD (ID,KEYWORD_NAME,CATEGORY_ID,ACTIVE_SW) values (91,'Male',2,'Y');
Insert into KEYWORD (ID,KEYWORD_NAME,CATEGORY_ID,ACTIVE_SW) values (229,'Rent - Monthly - $875',32,'Y');
Insert into KEYWORD (ID,KEYWORD_NAME,CATEGORY_ID,ACTIVE_SW) values (125,'MASP should be eligible (Father and Mother) and MA 2 should be closed (Child). ',33,'Y');
Insert into KEYWORD (ID,KEYWORD_NAME,CATEGORY_ID,ACTIVE_SW) values (258,'Yes
Parent
Type: Wages
Frequency: Monthly
Amount: 2500',27,'Y');
Insert into KEYWORD (ID,KEYWORD_NAME,CATEGORY_ID,ACTIVE_SW) values (71,'Type: Disabled,
Verification: MRT,
Criteria: Receives or has been certified as eligible for SS Disability or blindness benefits,
Workforce Attached: No',12,'Y');
Insert into KEYWORD (ID,KEYWORD_NAME,CATEGORY_ID,ACTIVE_SW) values (324,'Alien Sponsor - Rent - Monthly - $875',32,'Y');
Insert into KEYWORD (ID,KEYWORD_NAME,CATEGORY_ID,ACTIVE_SW) values (162,'Yes, address details',67,'Y');
Insert into KEYWORD (ID,KEYWORD_NAME,CATEGORY_ID,ACTIVE_SW) values (190,'Eligible',35,'Y');
Insert into KEYWORD (ID,KEYWORD_NAME,CATEGORY_ID,ACTIVE_SW) values (151,'Redetermination ',50,'Y');
Insert into KEYWORD (ID,KEYWORD_NAME,CATEGORY_ID,ACTIVE_SW) values (62,'Resource Assessment',49,'Y');
Insert into KEYWORD (ID,KEYWORD_NAME,CATEGORY_ID,ACTIVE_SW) values (266,'Eligible. All are eligible for SNAP',35,'Y');
Insert into KEYWORD (ID,KEYWORD_NAME,CATEGORY_ID,ACTIVE_SW) values (158,'Asset teast fail, income test Pass',36,'Y');
Insert into KEYWORD (ID,KEYWORD_NAME,CATEGORY_ID,ACTIVE_SW) values (223,'PayNoPay Date - Current Date
Activity Type - Payment',45,'Y');
Insert into KEYWORD (ID,KEYWORD_NAME,CATEGORY_ID,ACTIVE_SW) values (201,'dental care to husband of 25$',29,'Y');
Insert into KEYWORD (ID,KEYWORD_NAME,CATEGORY_ID,ACTIVE_SW) values (256,'Not Enrolled for all',8,'Y');
Insert into KEYWORD (ID,KEYWORD_NAME,CATEGORY_ID,ACTIVE_SW) values (334,'Yes-Notice of Dismissal',40,'Y');
Insert into KEYWORD (ID,KEYWORD_NAME,CATEGORY_ID,ACTIVE_SW) values (205,'Yes, parent:criteria: Receives or has been certified by the State to receive Medicaid as a blind or disabled individual',12,'Y');
Insert into KEYWORD (ID,KEYWORD_NAME,CATEGORY_ID,ACTIVE_SW) values (351,'Type of Assistance : MASP
AG size : 1
Status : Eligible',35,'Y');
Insert into KEYWORD (ID,KEYWORD_NAME,CATEGORY_ID,ACTIVE_SW) values (26,'Trust, evaluated by LEGAL.
Total value: $1000
Available Value: $550',21,'Y');
Insert into KEYWORD (ID,KEYWORD_NAME,CATEGORY_ID,ACTIVE_SW) values (107,'Type of Assistance: TANF
Assistance group size: 2
Eligibility status: Eligible',33,'Y');
Insert into KEYWORD (ID,KEYWORD_NAME,CATEGORY_ID,ACTIVE_SW) values (136,'from last Day has an increase in earned income less than 133% FPL',25,'Y');
Insert into KEYWORD (ID,KEYWORD_NAME,CATEGORY_ID,ACTIVE_SW) values (122,'Type of Assistance: MASP (Father)
Assistance group size: 1
Eligibility status: Eligible
Type of Assistance: MASP (Mother)
Assistance group size: 1
Eligibility status: Eligible
Type of Assistance: MA2 (Child)
Assistance group size: 1
Eligibility status: Eligible',33,'Y');
Insert into KEYWORD (ID,KEYWORD_NAME,CATEGORY_ID,ACTIVE_SW) values (114,'$400(Wages/Salaries)',21,'Y');
Insert into KEYWORD (ID,KEYWORD_NAME,CATEGORY_ID,ACTIVE_SW) values (296,'Yes
',39,'Y');
Insert into KEYWORD (ID,KEYWORD_NAME,CATEGORY_ID,ACTIVE_SW) values (282,'Not Enrolled',8,'Y');
Insert into KEYWORD (ID,KEYWORD_NAME,CATEGORY_ID,ACTIVE_SW) values (321,'Alien Sponsor-Promissory Note - Mortgage - Gross value : $2000',18,'Y');
Insert into KEYWORD (ID,KEYWORD_NAME,CATEGORY_ID,ACTIVE_SW) values (231,'Parent - Disqualified Adult
Child - Eligible Child',36,'Y');
Insert into KEYWORD (ID,KEYWORD_NAME,CATEGORY_ID,ACTIVE_SW) values (368,'Special Circumstances - Death
Circumstance Start Date: 3/01/2016
 Co-operating Status - Co-Operating. ',17,'Y');
Insert into KEYWORD (ID,KEYWORD_NAME,CATEGORY_ID,ACTIVE_SW) values (72,'Type: Other - Non-Exempt,
Pay Frequency: Monthly,
Amount: 3000$
',25,'Y');
Insert into KEYWORD (ID,KEYWORD_NAME,CATEGORY_ID,ACTIVE_SW) values (53,'Begin Date as Today
',57,'Y');
Insert into KEYWORD (ID,KEYWORD_NAME,CATEGORY_ID,ACTIVE_SW) values (150,' review due date-45days of the case',48,'Y');
Insert into KEYWORD (ID,KEYWORD_NAME,CATEGORY_ID,ACTIVE_SW) values (143,'male',2,'Y');
Insert into KEYWORD (ID,KEYWORD_NAME,CATEGORY_ID,ACTIVE_SW) values (154,'-Other Non-Exempt Liquid Asset of gross value 7233.12 ',18,'Y');
Insert into KEYWORD (ID,KEYWORD_NAME,CATEGORY_ID,ACTIVE_SW) values (9,'Intake -
Type : Wages/Salaries
Pay Frequency : Monthly
Amount : 9000$
Revert To Open -
Type : Wages/Salaries
Pay Frequency : Monthly
Amount : 100$',24,'Y');
Insert into KEYWORD (ID,KEYWORD_NAME,CATEGORY_ID,ACTIVE_SW) values (61,'SNAP, TANF, HCC',3,'Y');
Insert into KEYWORD (ID,KEYWORD_NAME,CATEGORY_ID,ACTIVE_SW) values (40,'SNAP Eligible,
Assistance size : 2',35,'Y');
Insert into KEYWORD (ID,KEYWORD_NAME,CATEGORY_ID,ACTIVE_SW) values (286,'Yes-Application Complete',66,'Y');
Insert into KEYWORD (ID,KEYWORD_NAME,CATEGORY_ID,ACTIVE_SW) values (140,'Intake-MA eligible for child and tanf deied, add program add snap and snap and tanf both eligible',35,'Y');
Insert into KEYWORD (ID,KEYWORD_NAME,CATEGORY_ID,ACTIVE_SW) values (149,'Snap closed in review then revert to open eligible',35,'Y');
Insert into KEYWORD (ID,KEYWORD_NAME,CATEGORY_ID,ACTIVE_SW) values (56,'Application with SNAP',49,'Y');
Insert into KEYWORD (ID,KEYWORD_NAME,CATEGORY_ID,ACTIVE_SW) values (38,'Type : Other - Non-Exempt
Pay Frequency : Monthly
Amount : 200$ 
',25,'Y');
Insert into KEYWORD (ID,KEYWORD_NAME,CATEGORY_ID,ACTIVE_SW) values (242,'Male, In-Home, American Indian,Tribal Enrollment exists',2,'Y');
Insert into KEYWORD (ID,KEYWORD_NAME,CATEGORY_ID,ACTIVE_SW) values (336,'Yes
Disposition
Reason- Admin Error',42,'Y');
Insert into KEYWORD (ID,KEYWORD_NAME,CATEGORY_ID,ACTIVE_SW) values (250,'intake',4,'Y');
Insert into KEYWORD (ID,KEYWORD_NAME,CATEGORY_ID,ACTIVE_SW) values (364,'Mother , Child',2,'Y');
Insert into KEYWORD (ID,KEYWORD_NAME,CATEGORY_ID,ACTIVE_SW) values (23,'Female',2,'Y');
Insert into KEYWORD (ID,KEYWORD_NAME,CATEGORY_ID,ACTIVE_SW) values (308,'In intake, HH is eligible for SNAP
In case change, SNAP benefits are closed due to reason ''INCOME IS MORE THAN THE 130% GROSS INCOME STANDARD''',35,'Y');
Insert into KEYWORD (ID,KEYWORD_NAME,CATEGORY_ID,ACTIVE_SW) values (209,'Tanf eligible, au:2',35,'Y');
Insert into KEYWORD (ID,KEYWORD_NAME,CATEGORY_ID,ACTIVE_SW) values (45,'Application registration',4,'Y');
Insert into KEYWORD (ID,KEYWORD_NAME,CATEGORY_ID,ACTIVE_SW) values (138,'Application registration, Intake, Add program',4,'Y');
Insert into KEYWORD (ID,KEYWORD_NAME,CATEGORY_ID,ACTIVE_SW) values (10,'Inake: SNAP Denied
Revert to open: SNAP Eligible',35,'Y');
Insert into KEYWORD (ID,KEYWORD_NAME,CATEGORY_ID,ACTIVE_SW) values (181,'Yes, All members are eligible adults except daughter''s child who is an excluded adult.',36,'Y');
Insert into KEYWORD (ID,KEYWORD_NAME,CATEGORY_ID,ACTIVE_SW) values (179,'Yes - blindness',12,'Y');
Insert into KEYWORD (ID,KEYWORD_NAME,CATEGORY_ID,ACTIVE_SW) values (127,'Parent, Child',2,'Y');
Insert into KEYWORD (ID,KEYWORD_NAME,CATEGORY_ID,ACTIVE_SW) values (85,'Participation Status: Eligible Adult, Excluded Adult
Ineligibility Reason: Person is a roomer|INDIVIDUAL DOES NOT PURCHASE AND PREPARE MEALS WITH MEMBERS OF THE ASSISTANCE GROUP',36,'Y');
Insert into KEYWORD (ID,KEYWORD_NAME,CATEGORY_ID,ACTIVE_SW) values (89,'Add Person:
Type: Wages,
Pay Frequency: Monthly,
Amount: 2598$',27,'Y');
Insert into KEYWORD (ID,KEYWORD_NAME,CATEGORY_ID,ACTIVE_SW) values (279,'Redetermination with SNAP',49,'Y');
Insert into KEYWORD (ID,KEYWORD_NAME,CATEGORY_ID,ACTIVE_SW) values (31,'TANF eligible,
AU : 3,
Benefit amount : $139',35,'Y');
Insert into KEYWORD (ID,KEYWORD_NAME,CATEGORY_ID,ACTIVE_SW) values (51,'N',54,'Y');
Insert into KEYWORD (ID,KEYWORD_NAME,CATEGORY_ID,ACTIVE_SW) values (103,'Yes
5000$
Resource transferred 12 months ago

Second run ED in intake - delete 5000 and add 500$ with Resource transferred 12 months ago',18,'Y');
Insert into KEYWORD (ID,KEYWORD_NAME,CATEGORY_ID,ACTIVE_SW) values (339,'Application Complete',66,'Y');
Insert into KEYWORD (ID,KEYWORD_NAME,CATEGORY_ID,ACTIVE_SW) values (11,'Y',39,'Y');
Insert into KEYWORD (ID,KEYWORD_NAME,CATEGORY_ID,ACTIVE_SW) values (184,'Yes - Wages , Monthly 1080$',26,'Y');
Insert into KEYWORD (ID,KEYWORD_NAME,CATEGORY_ID,ACTIVE_SW) values (221,'Father - Monthly - $369',27,'Y');
Insert into KEYWORD (ID,KEYWORD_NAME,CATEGORY_ID,ACTIVE_SW) values (357,'husband as “High School Diploma/High School Equivalency Test”, wife as “unknown',8,'Y');
Insert into KEYWORD (ID,KEYWORD_NAME,CATEGORY_ID,ACTIVE_SW) values (132,'from Day0 has an increase in earned income less than 133% FPL',25,'Y');
Insert into KEYWORD (ID,KEYWORD_NAME,CATEGORY_ID,ACTIVE_SW) values (318,'eligibility results of MA 1 (Father)  and MA 2 (Child)',35,'Y');
Insert into KEYWORD (ID,KEYWORD_NAME,CATEGORY_ID,ACTIVE_SW) values (113,'Intake, Add program',4,'Y');
Insert into KEYWORD (ID,KEYWORD_NAME,CATEGORY_ID,ACTIVE_SW) values (172,'YES,type- adoption subsidy',13,'Y');
Insert into KEYWORD (ID,KEYWORD_NAME,CATEGORY_ID,ACTIVE_SW) values (263,'Husband and Wife',2,'Y');
Insert into KEYWORD (ID,KEYWORD_NAME,CATEGORY_ID,ACTIVE_SW) values (347,'Dad, Mom, Child
In the Household',2,'Y');
Insert into KEYWORD (ID,KEYWORD_NAME,CATEGORY_ID,ACTIVE_SW) values (14,'Father, Mother and Child',2,'Y');
Insert into KEYWORD (ID,KEYWORD_NAME,CATEGORY_ID,ACTIVE_SW) values (217,'$150/month ',27,'Y');
Insert into KEYWORD (ID,KEYWORD_NAME,CATEGORY_ID,ACTIVE_SW) values (54,'NA
',59,'Y');
Insert into KEYWORD (ID,KEYWORD_NAME,CATEGORY_ID,ACTIVE_SW) values (178,'Grandfather, daughter, daughter''s spouse, daughter''s child',2,'Y');
Insert into KEYWORD (ID,KEYWORD_NAME,CATEGORY_ID,ACTIVE_SW) values (243,'Yes - Wages , Monthly 130$',27,'Y');
Insert into KEYWORD (ID,KEYWORD_NAME,CATEGORY_ID,ACTIVE_SW) values (32,'Task T0007 verified - for sanction/penalty added / changed.',44,'Y');
Insert into KEYWORD (ID,KEYWORD_NAME,CATEGORY_ID,ACTIVE_SW) values (298,'In Household',2,'Y');
Insert into KEYWORD (ID,KEYWORD_NAME,CATEGORY_ID,ACTIVE_SW) values (173,'Wages to PI of 2000$ monthly',27,'Y');
Insert into KEYWORD (ID,KEYWORD_NAME,CATEGORY_ID,ACTIVE_SW) values (232,'1 individual , living in home and in the state of Indiana with US citizenship',2,'Y');
Insert into KEYWORD (ID,KEYWORD_NAME,CATEGORY_ID,ACTIVE_SW) values (300,'All the 3 individuals are eligible for SNAP, TANF, MA',35,'Y');
Insert into KEYWORD (ID,KEYWORD_NAME,CATEGORY_ID,ACTIVE_SW) values (340,'Husband and Wife
In the Household',2,'Y');
Insert into KEYWORD (ID,KEYWORD_NAME,CATEGORY_ID,ACTIVE_SW) values (332,'Yes
Wages-
$2000/mothly',27,'Y');
Insert into KEYWORD (ID,KEYWORD_NAME,CATEGORY_ID,ACTIVE_SW) values (141,'State Review of Eligibility Determination',44,'Y');
Insert into KEYWORD (ID,KEYWORD_NAME,CATEGORY_ID,ACTIVE_SW) values (164,'Wages to PI of 203$ monthly',24,'Y');
Insert into KEYWORD (ID,KEYWORD_NAME,CATEGORY_ID,ACTIVE_SW) values (208,'$, magi expenses of Tuition and fees of 45$. ',31,'Y');
Insert into KEYWORD (ID,KEYWORD_NAME,CATEGORY_ID,ACTIVE_SW) values (188,'In case change mode, race details and tribal information details are added as below:
On person details screen:
Race: American Indian or Alaskan Native
On Tribal information screen:
TribalAffiliation: Blood
TribalState: Indiana
EnrollmentNumber: 46678899
FedRecgTribe: YEs
TribeVerification: Hard Copy
FedRecgTribe:Today
On Program Request individual screen:
PRI_HealthCoverageCatChange: Managed Care Opt Out Form is Received (MANA)
PDAD_indianHealthServices: Yes
PDAD_indvRecIndHealthser : Yes
PDAD_VerificationNativeAmericanStatus: Hard Copy',46,'Y');
Insert into KEYWORD (ID,KEYWORD_NAME,CATEGORY_ID,ACTIVE_SW) values (239,'Ed pends with EDR size as 2 and TOA as SNAP.',35,'Y');
Insert into KEYWORD (ID,KEYWORD_NAME,CATEGORY_ID,ACTIVE_SW) values (121,'$145.50 - 2385.25 - 100 for father
$135.40  - Mother',21,'Y');
Insert into KEYWORD (ID,KEYWORD_NAME,CATEGORY_ID,ACTIVE_SW) values (314,'Wages/Salaries(500)',24,'Y');
Insert into KEYWORD (ID,KEYWORD_NAME,CATEGORY_ID,ACTIVE_SW) values (224,'Father - Wages - Monthly - $2931.50',24,'Y');
Insert into KEYWORD (ID,KEYWORD_NAME,CATEGORY_ID,ACTIVE_SW) values (191,'Last business day',48,'Y');
Insert into KEYWORD (ID,KEYWORD_NAME,CATEGORY_ID,ACTIVE_SW) values (236,'Yes - Activity type as Payment, date as today and indvs person id.',45,'Y');
Insert into KEYWORD (ID,KEYWORD_NAME,CATEGORY_ID,ACTIVE_SW) values (310,'Female,Male, In-Home, White,Spanish primary language.',2,'Y');
Insert into KEYWORD (ID,KEYWORD_NAME,CATEGORY_ID,ACTIVE_SW) values (238,'Pend',11,'Y');
Insert into KEYWORD (ID,KEYWORD_NAME,CATEGORY_ID,ACTIVE_SW) values (311,'Yes - Wages , Monthly 600$ for indv1 and Wages , Monthly 500$ for indv2',27,'Y');
Insert into KEYWORD (ID,KEYWORD_NAME,CATEGORY_ID,ACTIVE_SW) values (348,'Spouse, Parent',6,'Y');
Insert into KEYWORD (ID,KEYWORD_NAME,CATEGORY_ID,ACTIVE_SW) values (329,'Yes
Full Time Enrolled',8,'Y');
Insert into KEYWORD (ID,KEYWORD_NAME,CATEGORY_ID,ACTIVE_SW) values (68,'
AppointmentStatus-CANCEL
InterviewMethod - In Person
Coments - Automation
Submit
',59,'Y');
Insert into KEYWORD (ID,KEYWORD_NAME,CATEGORY_ID,ACTIVE_SW) values (323,'Alien Sponsor - Other - Non-Exempt - Biweekly - $498',25,'Y');
Insert into KEYWORD (ID,KEYWORD_NAME,CATEGORY_ID,ACTIVE_SW) values (20,'HCC',3,'Y');
Insert into KEYWORD (ID,KEYWORD_NAME,CATEGORY_ID,ACTIVE_SW) values (124,'$2385.25 for father
$135.40  - Mother',21,'Y');
Insert into KEYWORD (ID,KEYWORD_NAME,CATEGORY_ID,ACTIVE_SW) values (307,'In case change add Dividends income of 130% of Gross income standard per month',25,'Y');
Insert into KEYWORD (ID,KEYWORD_NAME,CATEGORY_ID,ACTIVE_SW) values (216,'siblings',2,'Y');
Insert into KEYWORD (ID,KEYWORD_NAME,CATEGORY_ID,ACTIVE_SW) values (285,'Eligible
Size -1
TOA- MA D',35,'Y');
REM INSERTING into SCENARIO_KEYWORD
Insert into SCENARIO_KEYWORD (SCENARIO_KEYWORD_ID,SCENARIO_ID,KEYWORD_ID,ACTIVE_SW) values (38,37,34,'Y');
Insert into SCENARIO_KEYWORD (SCENARIO_KEYWORD_ID,SCENARIO_ID,KEYWORD_ID,ACTIVE_SW) values (39,38,1,'Y');
Insert into SCENARIO_KEYWORD (SCENARIO_KEYWORD_ID,SCENARIO_ID,KEYWORD_ID,ACTIVE_SW) values (40,39,1,'Y');
Insert into SCENARIO_KEYWORD (SCENARIO_KEYWORD_ID,SCENARIO_ID,KEYWORD_ID,ACTIVE_SW) values (41,40,1,'Y');
Insert into SCENARIO_KEYWORD (SCENARIO_KEYWORD_ID,SCENARIO_ID,KEYWORD_ID,ACTIVE_SW) values (42,40,34,'Y');
Insert into SCENARIO_KEYWORD (SCENARIO_KEYWORD_ID,SCENARIO_ID,KEYWORD_ID,ACTIVE_SW) values (43,42,34,'Y');
Insert into SCENARIO_KEYWORD (SCENARIO_KEYWORD_ID,SCENARIO_ID,KEYWORD_ID,ACTIVE_SW) values (44,43,34,'Y');
Insert into SCENARIO_KEYWORD (SCENARIO_KEYWORD_ID,SCENARIO_ID,KEYWORD_ID,ACTIVE_SW) values (45,44,1,'Y');
Insert into SCENARIO_KEYWORD (SCENARIO_KEYWORD_ID,SCENARIO_ID,KEYWORD_ID,ACTIVE_SW) values (46,45,34,'Y');
Insert into SCENARIO_KEYWORD (SCENARIO_KEYWORD_ID,SCENARIO_ID,KEYWORD_ID,ACTIVE_SW) values (47,46,34,'Y');
Insert into SCENARIO_KEYWORD (SCENARIO_KEYWORD_ID,SCENARIO_ID,KEYWORD_ID,ACTIVE_SW) values (48,47,34,'Y');
Insert into SCENARIO_KEYWORD (SCENARIO_KEYWORD_ID,SCENARIO_ID,KEYWORD_ID,ACTIVE_SW) values (49,48,34,'Y');
Insert into SCENARIO_KEYWORD (SCENARIO_KEYWORD_ID,SCENARIO_ID,KEYWORD_ID,ACTIVE_SW) values (50,49,34,'Y');
Insert into SCENARIO_KEYWORD (SCENARIO_KEYWORD_ID,SCENARIO_ID,KEYWORD_ID,ACTIVE_SW) values (51,50,34,'Y');
Insert into SCENARIO_KEYWORD (SCENARIO_KEYWORD_ID,SCENARIO_ID,KEYWORD_ID,ACTIVE_SW) values (52,51,1,'Y');
Insert into SCENARIO_KEYWORD (SCENARIO_KEYWORD_ID,SCENARIO_ID,KEYWORD_ID,ACTIVE_SW) values (53,52,97,'Y');
Insert into SCENARIO_KEYWORD (SCENARIO_KEYWORD_ID,SCENARIO_ID,KEYWORD_ID,ACTIVE_SW) values (54,53,1,'Y');
Insert into SCENARIO_KEYWORD (SCENARIO_KEYWORD_ID,SCENARIO_ID,KEYWORD_ID,ACTIVE_SW) values (55,54,34,'Y');
Insert into SCENARIO_KEYWORD (SCENARIO_KEYWORD_ID,SCENARIO_ID,KEYWORD_ID,ACTIVE_SW) values (56,55,34,'Y');
Insert into SCENARIO_KEYWORD (SCENARIO_KEYWORD_ID,SCENARIO_ID,KEYWORD_ID,ACTIVE_SW) values (57,56,34,'Y');
Insert into SCENARIO_KEYWORD (SCENARIO_KEYWORD_ID,SCENARIO_ID,KEYWORD_ID,ACTIVE_SW) values (58,57,34,'Y');
Insert into SCENARIO_KEYWORD (SCENARIO_KEYWORD_ID,SCENARIO_ID,KEYWORD_ID,ACTIVE_SW) values (59,58,34,'Y');
Insert into SCENARIO_KEYWORD (SCENARIO_KEYWORD_ID,SCENARIO_ID,KEYWORD_ID,ACTIVE_SW) values (60,59,97,'Y');
Insert into SCENARIO_KEYWORD (SCENARIO_KEYWORD_ID,SCENARIO_ID,KEYWORD_ID,ACTIVE_SW) values (61,60,97,'Y');
Insert into SCENARIO_KEYWORD (SCENARIO_KEYWORD_ID,SCENARIO_ID,KEYWORD_ID,ACTIVE_SW) values (62,61,97,'Y');
Insert into SCENARIO_KEYWORD (SCENARIO_KEYWORD_ID,SCENARIO_ID,KEYWORD_ID,ACTIVE_SW) values (63,62,34,'Y');
Insert into SCENARIO_KEYWORD (SCENARIO_KEYWORD_ID,SCENARIO_ID,KEYWORD_ID,ACTIVE_SW) values (64,63,1,'Y');
Insert into SCENARIO_KEYWORD (SCENARIO_KEYWORD_ID,SCENARIO_ID,KEYWORD_ID,ACTIVE_SW) values (65,64,34,'Y');
Insert into SCENARIO_KEYWORD (SCENARIO_KEYWORD_ID,SCENARIO_ID,KEYWORD_ID,ACTIVE_SW) values (66,65,1,'Y');
Insert into SCENARIO_KEYWORD (SCENARIO_KEYWORD_ID,SCENARIO_ID,KEYWORD_ID,ACTIVE_SW) values (67,66,1,'Y');
Insert into SCENARIO_KEYWORD (SCENARIO_KEYWORD_ID,SCENARIO_ID,KEYWORD_ID,ACTIVE_SW) values (68,67,34,'Y');
Insert into SCENARIO_KEYWORD (SCENARIO_KEYWORD_ID,SCENARIO_ID,KEYWORD_ID,ACTIVE_SW) values (69,68,34,'Y');
Insert into SCENARIO_KEYWORD (SCENARIO_KEYWORD_ID,SCENARIO_ID,KEYWORD_ID,ACTIVE_SW) values (70,69,34,'Y');
Insert into SCENARIO_KEYWORD (SCENARIO_KEYWORD_ID,SCENARIO_ID,KEYWORD_ID,ACTIVE_SW) values (71,70,34,'Y');
Insert into SCENARIO_KEYWORD (SCENARIO_KEYWORD_ID,SCENARIO_ID,KEYWORD_ID,ACTIVE_SW) values (72,71,34,'Y');
Insert into SCENARIO_KEYWORD (SCENARIO_KEYWORD_ID,SCENARIO_ID,KEYWORD_ID,ACTIVE_SW) values (73,72,1,'Y');
Insert into SCENARIO_KEYWORD (SCENARIO_KEYWORD_ID,SCENARIO_ID,KEYWORD_ID,ACTIVE_SW) values (74,73,34,'Y');
Insert into SCENARIO_KEYWORD (SCENARIO_KEYWORD_ID,SCENARIO_ID,KEYWORD_ID,ACTIVE_SW) values (75,74,34,'Y');
Insert into SCENARIO_KEYWORD (SCENARIO_KEYWORD_ID,SCENARIO_ID,KEYWORD_ID,ACTIVE_SW) values (76,75,34,'Y');
Insert into SCENARIO_KEYWORD (SCENARIO_KEYWORD_ID,SCENARIO_ID,KEYWORD_ID,ACTIVE_SW) values (77,76,1,'Y');
Insert into SCENARIO_KEYWORD (SCENARIO_KEYWORD_ID,SCENARIO_ID,KEYWORD_ID,ACTIVE_SW) values (78,77,1,'Y');
Insert into SCENARIO_KEYWORD (SCENARIO_KEYWORD_ID,SCENARIO_ID,KEYWORD_ID,ACTIVE_SW) values (79,78,34,'Y');
Insert into SCENARIO_KEYWORD (SCENARIO_KEYWORD_ID,SCENARIO_ID,KEYWORD_ID,ACTIVE_SW) values (80,79,34,'Y');
Insert into SCENARIO_KEYWORD (SCENARIO_KEYWORD_ID,SCENARIO_ID,KEYWORD_ID,ACTIVE_SW) values (81,80,13,'Y');
Insert into SCENARIO_KEYWORD (SCENARIO_KEYWORD_ID,SCENARIO_ID,KEYWORD_ID,ACTIVE_SW) values (82,81,1,'Y');
Insert into SCENARIO_KEYWORD (SCENARIO_KEYWORD_ID,SCENARIO_ID,KEYWORD_ID,ACTIVE_SW) values (83,82,13,'Y');
Insert into SCENARIO_KEYWORD (SCENARIO_KEYWORD_ID,SCENARIO_ID,KEYWORD_ID,ACTIVE_SW) values (84,83,1,'Y');
Insert into SCENARIO_KEYWORD (SCENARIO_KEYWORD_ID,SCENARIO_ID,KEYWORD_ID,ACTIVE_SW) values (85,84,34,'Y');
Insert into SCENARIO_KEYWORD (SCENARIO_KEYWORD_ID,SCENARIO_ID,KEYWORD_ID,ACTIVE_SW) values (86,85,13,'Y');
Insert into SCENARIO_KEYWORD (SCENARIO_KEYWORD_ID,SCENARIO_ID,KEYWORD_ID,ACTIVE_SW) values (87,86,34,'Y');
Insert into SCENARIO_KEYWORD (SCENARIO_KEYWORD_ID,SCENARIO_ID,KEYWORD_ID,ACTIVE_SW) values (88,87,34,'Y');
Insert into SCENARIO_KEYWORD (SCENARIO_KEYWORD_ID,SCENARIO_ID,KEYWORD_ID,ACTIVE_SW) values (89,88,1,'Y');
Insert into SCENARIO_KEYWORD (SCENARIO_KEYWORD_ID,SCENARIO_ID,KEYWORD_ID,ACTIVE_SW) values (90,89,34,'Y');
Insert into SCENARIO_KEYWORD (SCENARIO_KEYWORD_ID,SCENARIO_ID,KEYWORD_ID,ACTIVE_SW) values (91,90,13,'Y');
Insert into SCENARIO_KEYWORD (SCENARIO_KEYWORD_ID,SCENARIO_ID,KEYWORD_ID,ACTIVE_SW) values (92,91,34,'Y');
Insert into SCENARIO_KEYWORD (SCENARIO_KEYWORD_ID,SCENARIO_ID,KEYWORD_ID,ACTIVE_SW) values (93,92,34,'Y');
Insert into SCENARIO_KEYWORD (SCENARIO_KEYWORD_ID,SCENARIO_ID,KEYWORD_ID,ACTIVE_SW) values (2,1,1,'Y');
Insert into SCENARIO_KEYWORD (SCENARIO_KEYWORD_ID,SCENARIO_ID,KEYWORD_ID,ACTIVE_SW) values (3,2,13,'Y');
Insert into SCENARIO_KEYWORD (SCENARIO_KEYWORD_ID,SCENARIO_ID,KEYWORD_ID,ACTIVE_SW) values (4,3,1,'Y');
Insert into SCENARIO_KEYWORD (SCENARIO_KEYWORD_ID,SCENARIO_ID,KEYWORD_ID,ACTIVE_SW) values (5,4,1,'Y');
Insert into SCENARIO_KEYWORD (SCENARIO_KEYWORD_ID,SCENARIO_ID,KEYWORD_ID,ACTIVE_SW) values (6,5,13,'Y');
Insert into SCENARIO_KEYWORD (SCENARIO_KEYWORD_ID,SCENARIO_ID,KEYWORD_ID,ACTIVE_SW) values (7,6,34,'Y');
Insert into SCENARIO_KEYWORD (SCENARIO_KEYWORD_ID,SCENARIO_ID,KEYWORD_ID,ACTIVE_SW) values (8,7,1,'Y');
Insert into SCENARIO_KEYWORD (SCENARIO_KEYWORD_ID,SCENARIO_ID,KEYWORD_ID,ACTIVE_SW) values (9,8,1,'Y');
Insert into SCENARIO_KEYWORD (SCENARIO_KEYWORD_ID,SCENARIO_ID,KEYWORD_ID,ACTIVE_SW) values (10,9,1,'Y');
Insert into SCENARIO_KEYWORD (SCENARIO_KEYWORD_ID,SCENARIO_ID,KEYWORD_ID,ACTIVE_SW) values (11,10,1,'Y');
Insert into SCENARIO_KEYWORD (SCENARIO_KEYWORD_ID,SCENARIO_ID,KEYWORD_ID,ACTIVE_SW) values (12,11,1,'Y');
Insert into SCENARIO_KEYWORD (SCENARIO_KEYWORD_ID,SCENARIO_ID,KEYWORD_ID,ACTIVE_SW) values (13,12,1,'Y');
Insert into SCENARIO_KEYWORD (SCENARIO_KEYWORD_ID,SCENARIO_ID,KEYWORD_ID,ACTIVE_SW) values (14,13,1,'Y');
Insert into SCENARIO_KEYWORD (SCENARIO_KEYWORD_ID,SCENARIO_ID,KEYWORD_ID,ACTIVE_SW) values (15,14,13,'Y');
Insert into SCENARIO_KEYWORD (SCENARIO_KEYWORD_ID,SCENARIO_ID,KEYWORD_ID,ACTIVE_SW) values (16,15,34,'Y');
Insert into SCENARIO_KEYWORD (SCENARIO_KEYWORD_ID,SCENARIO_ID,KEYWORD_ID,ACTIVE_SW) values (17,16,34,'Y');
Insert into SCENARIO_KEYWORD (SCENARIO_KEYWORD_ID,SCENARIO_ID,KEYWORD_ID,ACTIVE_SW) values (18,17,1,'Y');
Insert into SCENARIO_KEYWORD (SCENARIO_KEYWORD_ID,SCENARIO_ID,KEYWORD_ID,ACTIVE_SW) values (19,18,1,'Y');
Insert into SCENARIO_KEYWORD (SCENARIO_KEYWORD_ID,SCENARIO_ID,KEYWORD_ID,ACTIVE_SW) values (20,19,97,'Y');
Insert into SCENARIO_KEYWORD (SCENARIO_KEYWORD_ID,SCENARIO_ID,KEYWORD_ID,ACTIVE_SW) values (21,20,1,'Y');
Insert into SCENARIO_KEYWORD (SCENARIO_KEYWORD_ID,SCENARIO_ID,KEYWORD_ID,ACTIVE_SW) values (22,21,34,'Y');
Insert into SCENARIO_KEYWORD (SCENARIO_KEYWORD_ID,SCENARIO_ID,KEYWORD_ID,ACTIVE_SW) values (23,22,1,'Y');
Insert into SCENARIO_KEYWORD (SCENARIO_KEYWORD_ID,SCENARIO_ID,KEYWORD_ID,ACTIVE_SW) values (24,23,34,'Y');
Insert into SCENARIO_KEYWORD (SCENARIO_KEYWORD_ID,SCENARIO_ID,KEYWORD_ID,ACTIVE_SW) values (25,24,34,'Y');
Insert into SCENARIO_KEYWORD (SCENARIO_KEYWORD_ID,SCENARIO_ID,KEYWORD_ID,ACTIVE_SW) values (26,25,34,'Y');
Insert into SCENARIO_KEYWORD (SCENARIO_KEYWORD_ID,SCENARIO_ID,KEYWORD_ID,ACTIVE_SW) values (27,26,13,'Y');
Insert into SCENARIO_KEYWORD (SCENARIO_KEYWORD_ID,SCENARIO_ID,KEYWORD_ID,ACTIVE_SW) values (28,27,13,'Y');
Insert into SCENARIO_KEYWORD (SCENARIO_KEYWORD_ID,SCENARIO_ID,KEYWORD_ID,ACTIVE_SW) values (29,28,13,'Y');
Insert into SCENARIO_KEYWORD (SCENARIO_KEYWORD_ID,SCENARIO_ID,KEYWORD_ID,ACTIVE_SW) values (30,29,13,'Y');
Insert into SCENARIO_KEYWORD (SCENARIO_KEYWORD_ID,SCENARIO_ID,KEYWORD_ID,ACTIVE_SW) values (31,30,13,'Y');
Insert into SCENARIO_KEYWORD (SCENARIO_KEYWORD_ID,SCENARIO_ID,KEYWORD_ID,ACTIVE_SW) values (32,31,13,'Y');
Insert into SCENARIO_KEYWORD (SCENARIO_KEYWORD_ID,SCENARIO_ID,KEYWORD_ID,ACTIVE_SW) values (33,32,34,'Y');
Insert into SCENARIO_KEYWORD (SCENARIO_KEYWORD_ID,SCENARIO_ID,KEYWORD_ID,ACTIVE_SW) values (34,33,1,'Y');
Insert into SCENARIO_KEYWORD (SCENARIO_KEYWORD_ID,SCENARIO_ID,KEYWORD_ID,ACTIVE_SW) values (35,34,1,'Y');
Insert into SCENARIO_KEYWORD (SCENARIO_KEYWORD_ID,SCENARIO_ID,KEYWORD_ID,ACTIVE_SW) values (36,35,1,'Y');
Insert into SCENARIO_KEYWORD (SCENARIO_KEYWORD_ID,SCENARIO_ID,KEYWORD_ID,ACTIVE_SW) values (37,36,1,'Y');
